{"metadata":{"n_disks":7,"n_waypoints":14,"path_length":40.12909617308836,"fitness":40.12909617308836,"all_pairs_touch":true,"has_path_collisions":false,"path_collision_penalty":0.0},"initial_positions":[[1.8369701987210297E-16,3.0],[-2.3454944474040893,1.8704694055762008],[-2.924783736545471,-0.6675628018689428],[-1.3016512173526749,-2.702906603707257],[1.3016512173526738,-2.702906603707258],[2.9247837365454705,-0.6675628018689439],[2.34549444740409,1.8704694055762001]],"waypoints":[[[-0.15166316928027074,0.17161490625359424],[-0.6616949889621305,0.49149134991718424],[-0.778726892021397,-0.2169711203610632],[-1.1751258738008254,-2.45624357328081],[0.8929156528258938,-1.9015387037193636],[2.631418111421562,-0.6137587147226424],[2.315693354382364,1.843980649541927]],[[-0.16097933180876622,0.01381717128019768],[-0.6398141830177063,0.47426987870083215],[-0.7220816529127211,-0.2045017308820626],[-1.1394182963699013,-2.388206911868369],[0.8255727897081151,-1.7697121475082978],[2.5362533228784767,-0.5964295269947586],[2.214545320116527,1.7535947710502449]],[[0.10192144086891651,-0.24330327419219852],[-0.6253630235790523,0.4628400922272236],[-0.722080727567909,-0.2045039386009829],[-0.32047781406207654,-0.7863793076946047],[0.3482946341965912,-0.8167925982753782],[2.4589920186835683,-0.5825163843004264],[1.9592423016264309,1.5280249286219576]],[[0.11349336685118848,-0.254895783460397],[-0.6147692282157421,0.45497035620287163],[-0.7220843207120784,-0.20450350058222186],[-0.2812980438263833,-0.7079094505798793],[0.34540297606576115,-0.8105192117837752],[2.3043729550227847,-0.5519713115100591],[1.1590949124664514,0.8179113971924366]],[[0.121255768629088,0.3402271850155914],[-0.4834395876074675,0.34826048128562836],[-0.7220839480004136,-0.204500437568097],[-0.26584254802553575,-0.6772343632685445],[0.3454094991704545,-0.8105250184163956],[0.37422186981307465,-0.20612781353443102],[0.7170166814802429,0.4272254403854707]],[[0.002813839915737471,2.2521540154302833],[-0.3808464760263683,0.2934624234560026],[-0.7220816572010145,-0.20449811402433996],[-0.22333644084317145,-0.594309448373334],[0.34540985797826235,-0.8105268935586445],[0.3636748985855095,-0.20862924070213984],[0.7169793224828811,0.42720719573242605]],[[0.0023076163153110153,2.4239728279380106],[-0.15702407889959727,0.1010214409765345],[-0.7220779489340013,-0.20449492848814974],[-0.16859519834034747,-0.5009427420432457],[0.3454143061708725,-0.8105327527944077],[0.35850777127352107,-0.20997599326461713],[0.6395352532752645,0.38486251922966463]],[[0.0006808447808709963,2.5962718245714687],[-0.15700121776335255,0.10101598281242992],[-0.7220765944155164,-0.20449512488017663],[-0.3598088498681991,-0.6901161335430771],[0.3454079305064232,-0.8105177101991973],[0.7518409558030501,-0.237557780020569],[0.6175777053604115,0.37299411883219136]],[[0.00026073580213439325,2.7389245125976376],[-0.15698472787434548,0.10100757707416734],[-0.7220725282787314,-0.2044931992959528],[-0.35981384437833996,-0.6901211966038628],[0.17036140194857222,-0.4043082780488199],[0.7518443796288374,-0.23756136080919324],[0.4201922742010482,0.2649381489482418]],[[-0.0003371830133586836,2.81389110671855],[-1.6128725766841403,1.3521663784496338],[-0.7220469617605082,-0.20448090513128353],[-0.3598163765143559,-0.6901201041722268],[0.2746270198776116,-0.6462918544842989],[0.7518423030139079,-0.23756157529700123],[0.17298549202968908,0.0704920394663825]],[[-0.00034254112376452415,2.8769395046977677],[-1.6674843004458793,1.3922086870487937],[-0.647526242627788,-0.16360663798062522],[-0.3597964630480434,-0.6901178813372831],[0.2894880652641786,-0.6761768790494179],[0.7518310598403413,-0.23756785158582405],[-0.04558988915435339,-0.17652841514150167]],[[-0.0003691997145487811,2.915424974006456],[-2.17309287752282,1.7499740809953446],[-0.17406079720119425,-0.22192829485680812],[-0.6637350090256073,-1.3352364592165291],[0.3523318419948173,-0.8014267695681135],[0.7518233625187004,-0.23756630377490592],[1.0259682349489365,0.8667375649127118]],[[-0.0002648240442333271,2.925012821259657],[-2.271115619450046,1.8180044406548033],[0.1043114307613551,-0.2556431505633426],[-0.7377159479941092,-1.490766493217946],[0.35341987657965296,-0.8037123700724387],[0.7063313207977511,-0.24717394480646565],[1.2457892418503687,1.0288720291141404]],[[-0.000405470821095419,2.9547556803767367],[-2.285926067341598,1.827995817410892],[-2.046801651295359,-0.5516209451358396],[-1.2497999250157512,-2.591414070037441],[1.0536326852111768,-2.2047536577648104],[1.5637333211650626,-0.41258535396649176],[1.7698262641674267,1.4302067857405985]]],"disk_trajectories":{"0":{"path":[[1.8369701987210297E-16,3.0],[-0.15166316928027074,0.17161490625359424],[-0.16097933180876622,0.01381717128019768],[0.10192144086891651,-0.24330327419219852],[0.11349336685118848,-0.254895783460397],[0.121255768629088,0.3402271850155914],[0.002813839915737471,2.2521540154302833],[0.0023076163153110153,2.4239728279380106],[0.0006808447808709963,2.5962718245714687],[0.00026073580213439325,2.7389245125976376],[-0.0003371830133586836,2.81389110671855],[-0.00034254112376452415,2.8769395046977677],[-0.0003691997145487811,2.915424974006456],[-0.0002648240442333271,2.925012821259657],[-0.000405470821095419,2.9547556803767367],[1.8369701987210297E-16,3.0]],"distance":6.633259612543262},"1":{"path":[[-2.3454944474040893,1.8704694055762008],[-0.6616949889621305,0.49149134991718424],[-0.6398141830177063,0.47426987870083215],[-0.6253630235790523,0.4628400922272236],[-0.6147692282157421,0.45497035620287163],[-0.4834395876074675,0.34826048128562836],[-0.3808464760263683,0.2934624234560026],[-0.15702407889959727,0.1010214409765345],[-0.15700121776335255,0.10101598281242992],[-0.15698472787434548,0.10100757707416734],[-1.6128725766841403,1.3521663784496338],[-1.6674843004458793,1.3922086870487937],[-2.17309287752282,1.7499740809953446],[-2.271115619450046,1.8180044406548033],[-2.285926067341598,1.827995817410892],[-2.3454944474040893,1.8704694055762008]],"distance":5.633707519897067},"2":{"path":[[-2.924783736545471,-0.6675628018689428],[-0.778726892021397,-0.2169711203610632],[-0.7220816529127211,-0.2045017308820626],[-0.722080727567909,-0.2045039386009829],[-0.7220843207120784,-0.20450350058222186],[-0.7220839480004136,-0.204500437568097],[-0.7220816572010145,-0.20449811402433996],[-0.7220779489340013,-0.20449492848814974],[-0.7220765944155164,-0.20449512488017663],[-0.7220725282787314,-0.2044931992959528],[-0.7220469617605082,-0.20448090513128353],[-0.647526242627788,-0.16360663798062522],[-0.17406079720119425,-0.22192829485680812],[0.1043114307613551,-0.2556431505633426],[-2.046801651295359,-0.5516209451358396],[-2.924783736545471,-0.6675628018689428]],"distance":6.150332312326249},"3":{"path":[[-1.3016512173526749,-2.702906603707257],[-1.1751258738008254,-2.45624357328081],[-1.1394182963699013,-2.388206911868369],[-0.32047781406207654,-0.7863793076946047],[-0.2812980438263833,-0.7079094505798793],[-0.26584254802553575,-0.6772343632685445],[-0.22333644084317145,-0.594309448373334],[-0.16859519834034747,-0.5009427420432457],[-0.3598088498681991,-0.6901161335430771],[-0.35981384437833996,-0.6901211966038628],[-0.3598163765143559,-0.6901201041722268],[-0.3597964630480434,-0.6901178813372831],[-0.6637350090256073,-1.3352364592165291],[-0.7377159479941092,-1.490766493217946],[-1.2497999250157512,-2.591414070037441],[-1.3016512173526749,-2.702906603707257]],"distance":4.967831626659493},