{"waypoints":[[[-0.3289567264833814,1.2645294962333669],[-0.7147870758430246,0.6210610143998418],[0.6611315872690221,-0.22165013051717167],[0.05489214778987622,-0.9383020148011376],[0.6445872132262634,-0.8276013997108279],[-0.3667063200278288,-0.026776614797430986]],[[-0.6961382195781962,0.6850125238065677],[-0.5488735921462701,-0.24359848941812864],[0.17994764686965953,0.4161573978721192],[0.027375431019903272,-0.980716213910038],[0.8034849503560002,-0.3427151514083061],[0.12696107371592014,-0.3890487705850828]],[[-0.02782439879780114,1.1018892573493924],[-0.25404873397860384,-0.4151837245812935],[-0.6573067064363002,0.16779268329085723],[0.01793824266732258,-0.959166315893696],[0.7229718065304145,-0.24378082711263935],[0.21475154245010855,0.09050409754722791]],[[0.40370370180323584,0.6960282698414115],[0.10729556658270602,-0.06817951893232208],[-0.6641853362681751,-0.34631349257166416],[0.025951462725536955,-0.7211957735639829],[0.6753617915608715,-0.26129067791622],[-0.5014534543412625,0.6922969699564474]],[[0.08664979391276433,-0.09955221611038109],[-0.7579069322582082,0.26746850455973786],[-0.5856006083747275,-0.49565275654618246],[0.024849706354922844,-0.6963504942574572],[0.6753813076282034,-0.26121053689981183],[0.2605052958738328,0.8598940831798678]],[[0.14140330261652984,0.7083594560638518],[-0.9152012723872878,0.2571793150244519],[-0.4549159833344433,-0.5360473038291184],[-0.3772281664485236,-1.3903656731911551],[0.3729446840102905,-0.1852911810750057],[0.8491012355919048,0.6980866947838029]],[[0.31577578524350913,1.8611404708339356],[-1.6684459956516382,0.5941729947780104],[-1.2547169443130093,-0.9193452137910294],[-0.31749388775678583,-1.8964441823682134],[1.327584746206002,-0.7900462290988559],[1.4494062612660865,0.9244293100091007]]],"initial_positions":[[1.8369701987210302E-16,3.0000000000000004],[-2.598076211353316,1.5000000000000013],[-2.598076211353317,-1.4999999999999993],[-5.51091059616309E-16,-3.0000000000000004],[2.5980762113533156,-1.5000000000000016],[2.598076211353316,1.5000000000000002]],"metadata":{"polygon_circumradius":3.0000000000000004,"n_touched":15,"n_waypoints":7,"fitness":42.3978251034145,"n_disks":6,"all_pairs_touch":true,"total_pairs":15,"valid":true,"n_violations":0,"path_collision_penalty":0.0,"disk_radius":0.3,"edge_length":3.0,"has_path_collisions":false,"path_length":42.3978251034145},"disk_trajectories":{"4":{"distance":5.6518866377867685,"path":[[2.5980762113533156,-1.5000000000000016],[0.6445872132262634,-0.8276013997108279],[0.8034849503560002,-0.3427151514083061],[0.7229718065304145,-0.24378082711263935],[0.6753617915608715,-0.26129067791622],[0.6753813076282034,-0.26121053689981183],[0.3729446840102905,-0.1852911810750057],[1.327584746206002,-0.7900462290988559],[2.5980762113533156,-1.5000000000000016]]},"1":{"distance":7.009653806623922,"path":[[-2.598076211353316,1.5000000000000013],[-0.7147870758430246,0.6210610143998418],[-0.5488735921462701,-0.24359848941812864],[-0.25404873397860384,-0.4151837245812935],[0.10729556658270602,-0.06817951893232208],[-0.7579069322582082,0.26746850455973786],[-0.9152012723872878,0.2571793150244519],[-1.6684459956516382,0.5941729947780104],[-2.598076211353316,1.5000000000000013]]},"5":{"distance":8.687104821918437,"path":[[2.598076211353316,1.5000000000000002],[-0.3667063200278288,-0.026776614797430986],[0.12696107371592014,-0.3890487705850828],[0.21475154245010855,0.09050409754722791],[-0.5014534543412625,0.6922969699564474],[0.2605052958738328,0.8598940831798678],[0.8491012355919048,0.6980866947838029],[1.4494062612660865,0.9244293100091007],[2.598076211353316,1.5000000000000002]]},"0":{"distance":7.846411419698833,"path":[[1.8369701987210302E-16,3.0000000000000004],[-0.3289567264833814,1.2645294962333669],[-0.6961382195781962,0.6850125238065677],[-0.02782439879780114,1.1018892573493924],[0.40370370180323584,0.6960282698414115],[0.08664979391276433,-0.09955221611038109],[0.14140330261652984,0.7083594560638518],[0.31577578524350913,1.8611404708339356],[1.8369701987210302E-16,3.0000000000000004]]},"2":{"distance":8.343294962620684,"path":[[-2.598076211353317,-1.4999999999999993],[0.6611315872690221,-0.22165013051717167],[0.17994764686965953,0.4161573978721192],[-0.6573067064363002,0.16779268329085723],[-0.6641853362681751,-0.34631349257166416],[-0.5856006083747275,-0.49565275654618246],[-0.4549159833344433,-0.5360473038291184],[-1.2547169443130093,-0.9193452137910294],[-2.598076211353317,-1.4999999999999993]]},"3":{"distance":4.8594734547658565,"path":[[-5.51091059616309E-16,-3.0000000000000004],[0.05489214778987622,-0.9383020148011376],[0.027375431019903272,-0.980716213910038],[0.01793824266732258,-0.959166315893696],[0.025951462725536955,-0.7211957735639829],[0.024849706354922844,-0.6963504942574572],[-0.3772281664485236,-1.3903656731911551],[-0.31749388775678583,-1.8964441823682134],[-5.51091059616309E-16,-3.0000000000000004]]}}}
