{"waypoints":[[[-0.5910436377074261,1.4535794952359404],[-0.553254743748242,0.17211015402169902],[-2.0120329072232153,0.179172463038324],[-0.285615042886807,-0.6294094733471083],[0.6481270349020515,-0.9058585727150242],[1.1540699760842246,0.011511033300793706],[0.5508255452939596,0.3355029634019657]],[[-1.8282935302192416,0.5226745681143067],[-0.7688265611959378,-0.3304616389413612],[-0.35171477214415503,0.5121488230782629],[-0.1819982830456105,-0.5817082401471518],[0.4640962865349673,-0.9263371655923995],[1.1486152928196762,0.021310987596016514],[0.7818706828406751,0.942550895059558]],[[-0.552170519481066,-1.104218502257764],[-0.42493385312073245,1.1611917819112065],[0.7053146430665103,-0.6359649446502275],[-0.6765488992955232,0.015230877748982517],[0.23751475069564534,-1.4358569108990051],[0.031030510046389157,0.7275256545713477],[0.7439130568470829,0.9993317311222364]],[[1.1296744372921261,0.6330212147978067],[-1.000941073823906,0.32387459292250603],[1.1046437352927096,-0.27351632558956884],[-0.4800709444292543,-1.3136062491087592],[0.07400341548699228,-0.43253486512904316],[-0.5906728573190194,-0.7234768676352265],[-0.32521741313874153,0.051347991878215954]],[[0.36694579984565073,1.1807490197089772],[-1.10991686541209,0.29235597146884884],[-1.0750271889068705,1.3615937640469022],[0.21208068889503226,-0.9928628520276738],[1.2860090882604691,-0.47760846604735163],[-0.5401298130103548,-0.16881451381397816],[0.2618033708990846,-0.39493296494409125]],[[-0.5563446748792975,1.3435056887280776],[-0.46501848940679846,0.04206481769985395],[-1.272884031964589,-0.049348743085904576],[0.3719020991916395,-1.1067582920126444],[-0.14162325216919544,-0.46331556767793797],[0.21184540500817836,1.1427805890777027],[0.04856647502381227,0.35226207893879685]],[[-0.4032852269502274,1.6625212024346543],[-0.5881520160534085,1.0917211349484777],[-0.7771189690966965,-0.13451289153522603],[0.3622461910052171,-0.4874701674882028],[-0.33404448871351067,-1.1131661479113273],[0.13062557114821274,0.5947656195548812],[0.9063566237760182,0.350854222484279]],[[-0.08295565299639293,2.461230956548412],[-1.1141136422621147,1.3218935374355767],[-1.8830504987750272,-0.5606255992153906],[-0.5632374152247961,-1.6926032297873956],[0.9056606679385805,-2.239629609619242],[1.7254443100753936,0.05037883648702463],[1.7174916317071078,1.4873424563416149]]],"initial_positions":[[2.1168921915086037E-16,3.45714730644373],[-2.702906603707257,2.1554960890910557],[-3.370469405576201,-0.769287647454415],[-1.5000000000000007,-3.1147820948585045],[1.4999999999999996,-3.1147820948585054],[3.3704694055762006,-0.7692876474544162],[2.702906603707258,2.155496089091055]],"metadata":{"polygon_circumradius":3.45714730644373,"n_touched":21,"n_waypoints":8,"fitness":76.56185185905393,"n_disks":7,"all_pairs_touch":true,"total_pairs":21,"valid":true,"n_violations":0,"path_collision_penalty":0.0,"disk_radius":0.3,"edge_length":3.0,"has_path_collisions":false,"path_length":76.56185185905393},"disk_trajectories":{"4":{"distance":10.178074595494257,"path":[[1.4999999999999996,-3.1147820948585054],[0.6481270349020515,-0.9058585727150242],[0.4640962865349673,-0.9263371655923995],[0.23751475069564534,-1.4358569108990051],[0.07400341548699228,-0.43253486512904316],[1.2860090882604691,-0.47760846604735163],[-0.14162325216919544,-0.46331556767793797],[-0.33404448871351067,-1.1131661479113273],[0.9056606679385805,-2.239629609619242],[1.4999999999999996,-3.1147820948585054]]},"1":{"distance":10.249191444110789,"path":[[-2.702906603707257,2.1554960890910557],[-0.553254743748242,0.17211015402169902],[-0.7688265611959378,-0.3304616389413612],[-0.42493385312073245,1.1611917819112065],[-1.000941073823906,0.32387459292250603],[-1.10991686541209,0.29235597146884884],[-0.46501848940679846,0.04206481769985395],[-0.5881520160534085,1.0917211349484777],[-1.1141136422621147,1.3218935374355767],[-2.702906603707257,2.1554960890910557]]},"5":{"distance":11.407652109225252,"path":[[3.3704694055762006,-0.7692876474544162],[1.1540699760842246,0.011511033300793706],[1.1486152928196762,0.021310987596016514],[0.031030510046389157,0.7275256545713477],[-0.5906728573190194,-0.7234768676352265],[-0.5401298130103548,-0.16881451381397816],[0.21184540500817836,1.1427805890777027],[0.13062557114821274,0.5947656195548812],[1.7254443100753936,0.05037883648702463],[3.3704694055762006,-0.7692876474544162]]},"0":{"distance":12.213216979478185,"path":[[2.1168921915086037E-16,3.45714730644373],[-0.5910436377074261,1.4535794952359404],[-1.8282935302192416,0.5226745681143067],[-0.552170519481066,-1.104218502257764],[1.1296744372921261,0.6330212147978067],[0.36694579984565073,1.1807490197089772],[-0.5563446748792975,1.3435056887280776],[-0.4032852269502274,1.6625212024346543],[-0.08295565299639293,2.461230956548412],[2.1168921915086037E-16,3.45714730644373]]},"2":{"distance":12.789793488109725,"path":[[-3.370469405576201,-0.769287647454415],[-2.0120329072232153,0.179172463038324],[-0.35171477214415503,0.5121488230782629],[0.7053146430665103,-0.6359649446502275],[1.1046437352927096,-0.27351632558956884],[-1.0750271889068705,1.3615937640469022],[-1.272884031964589,-0.049348743085904576],[-0.7771189690966965,-0.13451289153522603],[-1.8830504987750272,-0.5606255992153906],[-3.370469405576201,-0.769287647454415]]},"6":{"distance":9.924250938681894,"path":[[2.702906603707258,2.155496089091055],[0.5508255452939596,0.3355029634019657],[0.7818706828406751,0.942550895059558],[0.7439130568470829,0.9993317311222364],[-0.32521741313874153,0.051347991878215954],[0.2618033708990846,-0.39493296494409125],[0.04856647502381227,0.35226207893879685],[0.9063566237760182,0.350854222484279],[1.7174916317071078,1.4873424563416149],[2.702906603707258,2.155496089091055]]},"3":{"distance":9.799672303953823,"path":[[-1.5000000000000007,-3.1147820948585045],[-0.285615042886807,-0.6294094733471083],[-0.1819982830456105,-0.5817082401471518],[-0.6765488992955232,0.015230877748982517],[-0.4800709444292543,-1.3136062491087592],[0.21208068889503226,-0.9928628520276738],[0.3719020991916395,-1.1067582920126444],[0.3622461910052171,-0.4874701674882028],[-0.5632374152247961,-1.6926032297873956],[-1.5000000000000007,-3.1147820948585045]]}}}
