{"metadata":{"n_disks":8,"n_waypoints":22,"path_length":147.94272275454443,"fitness":147.94272275454443,"all_pairs_touch":true,"has_path_collisions":false,"path_collision_penalty":0.0},"initial_positions":[[1.8369701987210297E-16,3.0],[-2.1213203435596424,2.121320343559643],[-3.0,3.6739403974420594E-16],[-2.121320343559643,-2.1213203435596424],[-5.51091059616309E-16,-3.0],[2.121320343559642,-2.121320343559643],[3.0,-7.347880794884119E-16],[2.121320343559643,2.121320343559642]],"waypoints":[[[-0.03281340206372843,0.45708275176632956],[-0.612373865576239,0.6123724402211481],[-0.4570796622641586,0.03281693669784917],[-2.121320311147166,-2.1213189759096767],[0.000005180163348766943,-3.0000000988359696],[2.1213197078237522,-2.1213172420549244],[3.0000036059380957,-0.0000012901259576536839],[2.1213190175653605,2.1213236602773375]],[[-6.303140711428856E-7,2.9999997088203427],[-2.1213170532198333,2.1213170083123547],[-2.9999970030220062,-0.0000048217681551338455],[-2.1213192235107226,-2.1213198091118457],[-0.0000020986123176902842,-3.0000005316301293],[2.121320443913892,-2.121315862830208],[3.000003904272044,-0.0000016863552058569677],[2.1213215749635133,2.1213228783273297]],[[-0.4570810234338538,-0.03281757273688397],[-2.1213220530604726,2.1213193454346095],[-2.999995352546269,-0.00000406315054161277],[-0.6123757537036462,-0.6123718570021903],[-0.0328166499091188,-0.4570809148834409],[2.1213226119404514,-2.1213162810462673],[3.0000009925710533,0.0000027888989200256867],[2.121318938194024,2.1213203556871156]],[[0.9458561954671321,0.7165069636577611],[-2.1213214726109286,2.1213173216243133],[-2.9999999885163064,5.790878055832464E-7],[-2.121320326737453,-2.1213203392953686],[0.0000013467860269854319,-2.999998424222606],[1.1754666981470974,0.16217487469848085],[2.9999993351070726,4.436912945354367E-8],[2.1213163695310175,2.121320331138182]],[[1.0244870927112801,0.9958094942095743],[-2.1213162465534094,2.1213181733486977],[-3.000000528961292,9.693073112111394E-7],[-2.1213204662558414,-2.1213204007732878],[-2.583140456321898E-7,-2.999993114579391],[0.3464079622276046,-0.3000005962613114],[0.8660254591947218,8.021255966037699E-7],[1.4432436015851684,1.425512828771812]],[[-0.000003548799955547763,3.000000024475942],[-0.21213218441456955,0.21213078545645658],[-3.0000000212504387,-0.000006178742352689762],[-2.1213187977812593,-2.121321458482165],[1.5225283536516853E-8,-2.9999992047012958],[0.21213387316354465,-0.21213226156226278],[2.9999979612913665,-3.011297199216966E-8],[2.1213162393374234,2.1213192222628]],[[1.433435815340401E-7,2.999999948657693],[-0.45708088531073954,-0.032812817522561065],[-2.999996245844081,4.701646774440293E-8],[-0.6123724385494281,-0.6123725144555413],[-0.0000018440623340255264,-3.000000016538708],[-0.03281470757371893,-0.45707793257973656],[2.9999953078991934,-0.000002342037892193739],[2.1213191776729956,2.121320355428825]],[[-3.1169317744284184E-7,3.000002504181349],[-0.21213111726057526,0.2121320063441822],[-2.9999994041008353,-0.000001028888319434029],[-2.1213203329505816,-2.1213202260249626],[0.0000027415565695982044,-3.0000012228940247],[0.21213323864509978,-0.21213656009223725],[3.000000007230721,-0.000004267293572062675],[2.1213177901238223,2.1213186613435715]],[[-2.7201870746138683E-7,3.0000016314937787],[0.3464097915828595,0.3000048649725242],[-3.000001131430225,-6.182563391374122E-7],[-2.1213188143799444,-2.121320292343445],[0.34641104308914694,-0.3000004601297855],[2.1213192256496143,-2.1213208054651145],[0.8660254213126126,1.5304973882694578E-8],[2.1213205058747113,2.1213159504753056]],[[4.2767213632789507E-7,2.9999994029656056],[-2.1213191329890684,2.1213238950872517],[-3.0000005904003366,-7.138429162560913E-7],[0.16217860532096068,-1.175466747529769],[-0.0000030246520414498643,-2.9999962375635136],[2.1213205200242276,-2.1213181720297603],[0.7165061630042069,-0.9458520275725919],[2.1213219622660313,2.121320230427367]],[[-1.7615603188487158E-8,3.000000008337722],[-2.121319845183197,2.1213163448132777],[-0.4570805988203435,-0.03281695638527527],[-0.380717243179291,-1.5155896915274283],[-0.23165541371187623,-2.0967819435088417],[1.281654628977215,-1.4726104274374592],[0.806849002078529,-1.105787196257739],[2.1213224910452104,2.121322133975386]],[[1.5343589699005898E-7,3.0000020558578533],[-2.121320361743676,2.1213176513517693],[0.1041751021896621,-0.2559982966388195],[-2.1213201928285814,-2.1213190841220206],[-0.0000025136679232898733,-3.00000017387478],[1.406085009440006,-1.2882751582455778],[0.6110568190071656,-0.577046773926504],[2.121320247039047,2.121322773150841]],[[7.614075316777417E-7,3.000000085742771],[-2.121320348518696,2.121320335855891],[-0.300001030561775,-0.34641015309372525],[-2.1213197144152023,-2.121320374064644],[4.3055071443888334E-8,-0.8660254703111835],[0.2999999565254109,-0.3464098359265684],[2.99999737324416,-1.5945487019026737E-7],[2.1213188386872845,2.121314873852423]],[[0.000001732714945831019,2.9999995780887754],[-2.1213196634975255,2.121321058780801],[-2.9999991312903607,1.3979212401508477E-7],[-2.1213249544601624,-2.121321673050074],[-0.0000016094121169938302,-3.0000029246601927],[2.1213184739544215,-2.121320324763318],[2.99999994000963,0.0000014690629261149286],[2.1213243556602217,2.1213229652657044]],[[-2.0778827221395318E-7,0.8660267418079372],[-0.30000025721089585,0.3464088822932419],[-3.0000010802167676,-2.2315048122711718E-8],[-2.121321041873069,-2.1213201685266814],[0.000004082634727731857,-2.9999999812856],[2.121321763820327,-2.1213205300229414],[2.999995700204703,2.624621330219217E-7],[0.30000051319209026,0.34641186011795444]],[[-0.0000019469342915742866,2.999999990770737],[-1.0923173025832271,0.27567113113180264],[-3.000000007689498,5.1868841562737924E-8],[-1.3290035175044794,-0.27567611412089515],[0.000005032094731730028,-3.000000674470918],[2.121318777768478,-2.121319690611325],[2.9999970745968487,2.4818871627370906E-7],[0.30000054196461917,2.1213180525600777]],[[-0.0000021529454189109924,3.0000002686243747],[-2.1213204414561333,2.1213226668430756],[-0.8660272350069889,0.0000016095903820667609],[-0.3464103070575116,-0.2999991648687399],[-3.4165927907689067E-7,-3.0000000129792816],[2.1213201416301777,-2.1213202609443846],[3.000000032843694,-2.959852226124984E-7],[-0.3464054685313615,0.30000352178528455]],[[0.0000019605970850033956,2.99999909083228],[-2.121320322308377,2.121321087277572],[-2.999999505421384,-0.0000025877084856471344],[-2.1213212132416253,-2.121322213995493],[-2.231816891443901E-7,-3.0000022988874377],[2.121322393857769,-2.1213214113885024],[3.0000018765059098,3.574048267445125E-8],[2.121319458871194,2.121319151401437]],[[-0.0000026249686121218524,2.999999487319046],[-2.1213194952698604,2.1213206728484],[-2.99999979530775,-0.000002058577452501397],[-2.1213204016827594,-2.1213235908253343],[0.03281350712488287,-0.45708339556022165],[0.6123707296300449,-0.612371430779586],[3.0000022455814497,-0.0000034853799799921403],[0.45707842097598644,-0.03281686856400304]],[[-3.5732424982290776E-8,2.9999995381670588],[-2.1213211552272746,2.1213203432371217],[-3.000001024803752,-0.000003384160815363731],[-2.121320333864695,-2.1213203792718995],[-3.1427451915620167E-7,-3.0000073799344174],[2.121321424286881,-2.121318440031964],[3.00000075362613,-9.764459828912686E-7],[2.1213185015959772,2.1213133852772397]],[[0.032815512193722474,0.45708155894921004],[-2.121320373155255,2.1213208757235185],[-2.9999988384227283,4.88238640577918E-7],[-2.121319577332276,-2.1213262244246893],[-7.37034083606626E-7,-2.9999990674352164],[2.1213203329811696,-2.1213217338066226],[0.45708096996607106,0.03281352568396719],[0.6123724295786405,0.61237244717459]],[[0.0000017177412635671766,3.0000002182071808],[-2.121326188292625,2.1213202473251607],[-2.9999999689505157,0.0000011537069280231784],[-2.1213179094863595,-2.12132256344638],[-1.4914409620526192E-7,-2.9999997761120554],[2.121328276144682,-2.121318313803694],[2.999999801910799,-0.0000016633836606275649],[2.12132034172797,2.121319945273986]]],