{
  "metadata": {
    "n_disks": 6,
    "n_waypoints": 14,
    "path_length": 33.66974175484088,
    "fitness": 33.66974175484088,
    "all_pairs_touch": true,
    "has_path_collisions": false,
    "path_collision_penalty": 0.0
  },
  "initial_positions": [
    [
      1.8369701987210297e-16,
      3.0
    ],
    [
      -2.5980762113533156,
      1.5000000000000009
    ],
    [
      -2.5980762113533165,
      -1.4999999999999991
    ],
    [
      -5.51091059616309e-16,
      -3.0
    ],
    [
      2.598076211353315,
      -1.5000000000000013
    ],
    [
      2.598076211353317,
      1.4999999999999978
    ]
  ],
  "waypoints": [
    [
      [
        -0.13940757453822783,
        0.14756726848239798
      ],
      [
        -0.6603703680931575,
        0.4659169746836298
      ],
      [
        -0.6705945163979321,
        -0.13508205468818144
      ],
      [
        -0.015922209669668296,
        -2.1955037510536477
      ],
      [
        2.024953037090533,
        -1.1704678318870163
      ],
      [
        2.213167334878191,
        1.2337467770602628
      ]
    ],
    [
      [
        0.10731742682698103,
        0.17078293910529263
      ],
      [
        -0.5764949291714847,
        0.4521930357060075
      ],
      [
        -0.6736995917350118,
        -0.148774156404747
      ],
      [
        -0.04200026914676304,
        -1.0668046161003188
      ],
      [
        1.31631037472076,
        -0.7445541118609005
      ],
      [
        1.7353637921452092,
        0.9673778351096775
      ]
    ],
    [
      [
        0.24757240772554706,
        0.14453237524341153
      ],
      [
        -0.5124231596298361,
        0.4308529677559396
      ],
      [
        -0.6809489433748238,
        -0.15753591782154253
      ],
      [
        -0.0780377802127892,
        -0.361428336050529
      ],
      [
        0.5232400716839577,
        -0.3901007873737293
      ],
      [
        1.3827233930763971,
        0.7209050833398443
      ]
    ],
    [
      [
        0.19900835246379459,
        0.7625216948257233
      ],
      [
        -0.4008435444671206,
        0.38177996914921225
      ],
      [
        -0.683290688570466,
        -0.16417514941142541
      ],
      [
        -0.08575632699583197,
        -0.33030356050823656
      ],
      [
        0.5222067233410985,
        -0.3918185869215565
      ],
      [
        0.630379676805093,
        0.27750467305239407
      ]
    ],
    [
      [
        0.19400588824997894,
        0.766700496699945
      ],
      [
        -0.2817336914447923,
        0.28582227057219595
      ],
      [
        -0.6818722334864592,
        -0.1715279196222873
      ],
      [
        -0.09180981979870141,
        -0.28496502850018013
      ],
      [
        0.5169851575151555,
        -0.40062142564230646
      ],
      [
        0.3068102808706822,
        0.16520680209214184
      ]
    ],
    [
      [
        0.18963442969692015,
        0.7670687002342599
      ],
      [
        -0.27159611613984674,
        0.3788015216958435
      ],
      [
        -0.5677842942301587,
        -0.22314961075711068
      ],
      [
        -0.08664336900746646,
        -0.7759120627683944
      ],
      [
        0.5094410544606505,
        -0.40143432479372243
      ],
      [
        0.3003096412824428,
        0.17385396462616845
      ]
    ],
    [
      [
        0.18873320399877824,
        0.7710344068081101
      ],
      [
        -0.2700150195927004,
        0.38208953028603365
      ],
      [
        -0.15020722672634118,
        -0.22073978046731219
      ],
      [
        -0.0726331877840308,
        -0.8342767615498722
      ],
      [
        0.421483026021549,
        -0.40935730517926816
      ],
      [
        0.2989742267511086,
        0.17957090519576846
      ]
    ],
    [
      [
        0.1855215148234455,
        0.8139585168689322
      ],
      [
        -0.22668843300646707,
        0.3327906286522184
      ],
      [
        -0.34480774798152813,
        -0.3075553504667711
      ],
      [
        -0.07722479678031552,
        -0.863537456473346
      ],
      [
        0.4101638613663838,
        -0.3928235196186076
      ],
      [
        0.40330160361461975,
        0.24191806883682146
      ]
    ],
    [
      [
        0.184242612712921,
        0.8406964440862036
      ],
      [
        -0.10741399896296416,
        0.18552854325554097
      ],
      [
        -0.44428484569822796,
        -0.3649166549060115
      ],
      [
        -0.07231025916799985,
        -0.9039604445362296
      ],
      [
        0.3068409824737447,
        -0.25057377255216584
      ],
      [
        0.6166279645484561,
        0.3608469212533051
      ]
    ],
    [
      [
        0.18199786333155266,
        0.8693292518781984
      ],
      [
        -0.5229629756577485,
        0.4667904311979987
      ],
      [
        -0.5555948541534397,
        -0.4363661217412549
      ],
      [
        -0.06332335278779701,
        -0.9502047305718893
      ],
      [
        0.6072868139099492,
        -0.41761018460953825
      ],
      [
        0.721908174636962,
        0.42805695068800403
      ]
    ],
    [
      [
        0.18069047125824184,
        0.8819779485176445
      ],
      [
        -0.7202755394110293,
        0.5641319292593703
      ],
      [
        -0.6258425762341716,
        -0.4651422526390252
      ],
      [
        -0.05365585058472215,
        -1.0054382991465174
      ],
      [
        1.0250135398584066,
        -0.693819574501361
      ],
      [
        0.7275065829667282,
        0.431286475366376
      ]
    ],
    [
      [
        0.18134258972297523,
        0.9017296822242006
      ],
      [
        -1.2957834058894389,
        0.8416771339261158
      ],
      [
        -0.6290088237644547,
        -0.4665467252828584
      ],
      [
        -0.05682880706579423,
        -1.0691846701627798
      ],
      [
        1.4563645610867195,
        -0.9163571387228954
      ],
      [
        1.0452289816664357,
        0.6071193276523725
      ]
    ],
    [
      [
        0.1827928654419754,
        0.9405364713474466
      ],
      [
        -1.7089483374366012,
        1.0560683292615036
      ],
      [
        -0.74415249857271,
        -0.5324989904062941
      ],
      [
        -0.06649134107731539,
        -1.1059043764029077
      ],
      [
        1.8638632493215574,
        -1.128982517671982
      ],
      [
        1.5491082179641003,
        0.8849640002979283
      ]
    ],
    [
      [
        0.041324260215300446,
        2.3426989837097514
      ],
      [
        -2.02024604862826,
        1.1951041620062388
      ],
      [
        -2.083160008935549,
        -1.271377336762121
      ],
      [
        -0.06865833794457596,
        -2.2828907991762457
      ],
      [
        2.1749139219279234,
        -1.2751445960907393
      ],
      [
        2.136516107166813,
        1.2033002687561953
      ]
    ]
  ],