{
  "metadata": {
    "n_disks": 7,
    "n_waypoints": 14,
    "path_length": 103.76241126088314,
    "fitness": 103.76241126088314,
    "all_pairs_touch": true,
    "has_path_collisions": false,
    "path_collision_penalty": 0.0
  },
  "initial_positions": [
    [
      1.8369701987210297e-16,
      3.0
    ],
    [
      -2.3454944474040893,
      1.8704694055762008
    ],
    [
      -2.924783736545471,
      -0.6675628018689428
    ],
    [
      -1.3016512173526749,
      -2.702906603707257
    ],
    [
      1.3016512173526738,
      -2.702906603707258
    ],
    [
      2.9247837365454705,
      -0.6675628018689439
    ],
    [
      2.34549444740409,
      1.8704694055762001
    ]
  ],
  "waypoints": [
    [
      [
        -0.18513057346534806,
        0.4876289581771283
      ],
      [
        -0.7729871201116134,
        0.61096258675428
      ],
      [
        -0.585673079566349,
        0.040887623283211966
      ],
      [
        -1.275951997208061,
        -2.66374768299443
      ],
      [
        1.2659051710151459,
        -2.6852718521512013
      ],
      [
        2.936152923136067,
        -0.6760159851202906
      ],
      [
        2.3437602985316945,
        1.8443427900159524
      ]
    ],
    [
      [
        0.02600117416280208,
        2.9142722704016477
      ],
      [
        -2.328084065354368,
        1.8216324114965952
      ],
      [
        -2.8756989155087,
        -0.6635778512207404
      ],
      [
        -1.2790181037749897,
        -2.654883361920589
      ],
      [
        1.2812616306626847,
        -2.6842561666065294
      ],
      [
        2.9274127939672683,
        -0.6719447888992135
      ],
      [
        2.3368325072825233,
        1.8499947655347981
      ]
    ],
    [
      [
        0.36787527256119845,
        -0.20391880659728942
      ],
      [
        -2.356371008667105,
        1.8522010696368651
      ],
      [
        -2.913501730347972,
        -0.6682007902679081
      ],
      [
        -0.13418761907976573,
        -0.5350528287420953
      ],
      [
        0.4039067894497832,
        -0.8032099684857175
      ],
      [
        2.9062353006136985,
        -0.6533036775394018
      ],
      [
        2.323690918726996,
        1.856555859286282
      ]
    ],
    [
      [
        0.00838885053765932,
        2.894058033170887
      ],
      [
        -2.3517656913063463,
        1.8593326696404653
      ],
      [
        -2.9091019777789517,
        -0.6671527459617793
      ],
      [
        -1.2995619523770419,
        -2.6809650907076943
      ],
      [
        1.2762041206123194,
        -2.6376040191221573
      ],
      [
        2.8889090074272317,
        -0.6404099864962695
      ],
      [
        2.299816113873983,
        1.809601233313977
      ]
    ],
    [
      [
        0.16798929777499075,
        0.5267986315672157
      ],
      [
        -2.3425864470386517,
        1.8438782815324632
      ],
      [
        -2.9201906233355044,
        -0.6326110096843489
      ],
      [
        -1.3020202125670992,
        -2.6916081149709408
      ],
      [
        1.2772884070210662,
        -2.6529142161805663
      ],
      [
        0.5336254036803136,
        0.050050615148435215
      ],
      [
        0.7632833739838649,
        0.6045229707518625
      ]
    ],
    [
      [
        -0.0024463860039982575,
        2.96638917375415
      ],
      [
        -2.327838495082542,
        1.8264428584986847
      ],
      [
        -2.9216900763359197,
        -0.6498262997493661
      ],
      [
        -1.2629298188879314,
        -2.6582820923998436
      ],
      [
        1.292648985084041,
        -2.676628147191884
      ],
      [
        2.8025600136270326,
        -0.6379727118511626
      ],
      [
        2.2894988052519665,
        1.8653320058560277
      ]
    ],
    [
      [
        0.0027002448724983397,
        2.970030556912122
      ],
      [
        -0.432842020806465,
        -0.1991355144194904
      ],
      [
        -2.920672515129686,
        -0.6452246242790486
      ],
      [
        -0.40185813333826503,
        -0.798391694038777
      ],
      [
        1.3160228289326994,
        -2.672095722082947
      ],
      [
        0.10321287318661443,
        -0.47216898371299726
      ],
      [
        2.2851646313830245,
        1.8435006801719982
      ]
    ],
    [
      [
        -0.00020627165680142515,
        2.972251713475245
      ],
      [
        -2.275548048882587,
        1.8049445252646308
      ],
      [
        -2.900914184461819,
        -0.661785078747289
      ],
      [
        -1.293732050545673,
        -2.669692830104069
      ],
      [
        1.2744723918327296,
        -2.63984777208138
      ],
      [
        2.899540796852154,
        -0.6324880248889599
      ],
      [
        2.2890308254247658,
        1.840404487436319
      ]
    ],
    [
      [
        0.005050163664448212,
        2.9626860506975397
      ],
      [
        0.09166311870669887,
        0.4749515574887146
      ],
      [
        -2.9102642938890693,
        -0.6733142200850094
      ],
      [
        -1.2950932576443532,
        -2.6847804350727213
      ],
      [
        0.4636077551445556,
        0.0029129507286798466
      ],
      [
        2.90237240683837,
        -0.6408792936196865
      ],
      [
        0.6861556717579749,
        0.5614146297505286
      ]
    ],
    [
      [
        -0.010137810996029662,
        2.9769408207935175
      ],
      [
        -2.3329580162804566,
        1.8647129601230221
      ],
      [
        -2.8878064447687275,
        -0.6679278231600521
      ],
      [
        -1.2758614527199792,
        -2.633826826402527
      ],
      [
        1.287719426826805,
        -2.6499910333299663
      ],
      [
        2.8945805499205255,
        -0.6879362733930339
      ],
      [
        2.2461932811247634,
        1.773633816773656
      ]
    ],
    [
      [
        -0.01499785507639739,
        2.986024229400648
      ],
      [
        -2.3283684946700376,
        1.8527294914430836
      ],
      [
        -0.5362077693587266,
        -0.24477589277139955
      ],
      [
        -0.3629196541310636,
        -0.8196289400354478
      ],
      [
        1.2733799207064362,
        -2.649365410810335
      ],
      [
        2.8756062165467258,
        -0.6749659622827472
      ],
      [
        0.048728098266978326,
        -0.38213970073353665
      ]
    ],
    [
      [
        -0.009038449389337894,
        2.988140029562769
      ],
      [
        -2.3173756444960194,
        1.851166345899069
      ],
      [
        -2.791040927196962,
        -0.6535063753403351
      ],
      [
        -1.2922808736918985,
        -2.6612072274018477
      ],
      [
        1.2573021314398791,
        -2.636578108481242
      ],
      [
        2.8642872910147767,
        -0.6683884311803605
      ],
      [
        2.336298478774109,
        1.8739984707071773
      ]
    ],
    [
      [
        -0.009413845650410604,
        2.984323913525383
      ],
      [
        -2.338611661912975,
        1.8422154824633798
      ],
      [
        -0.09306279955349171,
        -0.47985724541621744
      ],
      [
        -1.2908237815919674,
        -2.716111326362585
      ],
      [
        0.3918751382201667,
        -0.8364645540561294
      ],
      [
        0.4588410651424461,
        -0.239450512037088
      ],
      [
        2.3109375748384156,
        1.8661727602565976
      ]
    ],
    [
      [
        0.03996173371459589,
        3.0058472626290182
      ],
      [
        -2.356014880093047,
        1.8694656893008177
      ],
      [
        -2.8821554043218582,
        -0.6479210836673066
      ],
      [
        -1.2874807681585945,
        -2.7005371681018864
      ],
      [
        1.3051765887224687,
        -2.6942039421256996
      ],
      [
        2.9026757304388138,
        -0.6403357679216842
      ],
      [
        2.3316152214325507,
