{
  "metadata": {
    "n_disks": 7,
    "n_waypoints": 14,
    "path_length": 103.21236012057021,
    "fitness": 103.43965144392388,
    "all_pairs_touch": true,
    "has_path_collisions": true,
    "path_collision_penalty": 0.2272913233536733
  },
  "initial_positions": [
    [
      1.8369701987210297e-16,
      3.0
    ],
    [
      -2.3454944474040893,
      1.8704694055762008
    ],
    [
      -2.924783736545471,
      -0.6675628018689428
    ],
    [
      -1.3016512173526749,
      -2.702906603707257
    ],
    [
      1.3016512173526738,
      -2.702906603707258
    ],
    [
      2.9247837365454705,
      -0.6675628018689439
    ],
    [
      2.34549444740409,
      1.8704694055762001
    ]
  ],
  "waypoints": [
    [
      [
        -0.20172897023508657,
        0.5004403978697786
      ],
      [
        -0.7916353834950922,
        0.6137735866120241
      ],
      [
        -0.5940988474359993,
        0.046770151558795665
      ],
      [
        -1.3028847441145748,
        -2.683336914083671
      ],
      [
        1.2858017983793204,
        -2.665123923643881
      ],
      [
        2.8969183857671807,
        -0.6684637057206525
      ],
      [
        2.373542430839063,
        1.8838964974023091
      ]
    ],
    [
      [
        0.016855230206300226,
        2.8397893224491235
      ],
      [
        -2.2702338836367604,
        1.7896442232127336
      ],
      [
        -2.876400803721643,
        -0.6268698234193499
      ],
      [
        -1.2932897852401692,
        -2.6820127497266704
      ],
      [
        1.2680289220152923,
        -2.640534556935378
      ],
      [
        2.8816350460424474,
        -0.6711275316768925
      ],
      [
        2.3803233013892657,
        1.8718757409503826
      ]
    ],
    [
      [
        0.3500666766111475,
        -0.19694936138195282
      ],
      [
        -2.311795831125087,
        1.847266426718423
      ],
      [
        -2.889110147439935,
        -0.6744457281723881
      ],
      [
        -0.12821200136269487,
        -0.5591128922239613
      ],
      [
        0.42619078770818697,
        -0.7928588729104438
      ],
      [
        2.871610417354653,
        -0.6544452537521055
      ],
      [
        2.377081859918743,
        1.8786445194984442
      ]
    ],
    [
      [
        0.03597515139608146,
        2.83299189561625
      ],
      [
        -2.316658899336875,
        1.8487747184510321
      ],
      [
        -2.8984849190933364,
        -0.6964021241491939
      ],
      [
        -1.3299855219939563,
        -2.6540344649720815
      ],
      [
        1.2942702374342996,
        -2.642512983271834
      ],
      [
        2.878241229573768,
        -0.6253545151829624
      ],
      [
        2.3579132961064215,
        1.8824225702115085
      ]
    ],
    [
      [
        0.15758844968456195,
        0.5157218254214521
      ],
      [
        -2.319825083872788,
        1.856551064189104
      ],
      [
        -2.8959922461243117,
        -0.6860509351654054
      ],
      [
        -1.2838698681645018,
        -2.644471864425568
      ],
      [
        1.291913187805718,
        -2.700046543918223
      ],
      [
        0.5601967124855478,
        0.07006983123241355
      ],
      [
        0.7458976346227342,
        0.641303114101715
      ]
    ],
    [
      [
        -0.011684656811065555,
        2.940619643385415
      ],
      [
        -2.349982216201762,
        1.8401926201782317
      ],
      [
        -2.9231567343675877,
        -0.6642355387596127
      ],
      [
        -1.291430441800155,
        -2.63214355206445
      ],
      [
        1.284030423529798,
        -2.7081261450097247
      ],
      [
        2.7471378606440506,
        -0.663989837853558
      ],
      [
        2.3046706103056196,
        1.8656076466991167
      ]
    ],
    [
      [
        -0.048373293568645295,
        2.947901917598301
      ],
      [
        -0.42993929306951384,
        -0.19592574588797737
      ],
      [
        -2.928891925079963,
        -0.6536435134258446
      ],
      [
        -0.39801261918810954,
        -0.7954595822332303
      ],
      [
        1.2915286075606887,
        -2.6663856300376505
      ],
      [
        0.105318468338023,
        -0.46903225007029875
      ],
      [
        2.315009152240251,
        1.8295443209844624
      ]
    ],
    [
      [
        0.014568554314150859,
        2.9793610902984744
      ],
      [
        -2.236997065487636,
        1.7819862298323994
      ],
      [
        -2.8854618157743626,
        -0.657032602011784
      ],
      [
        -1.2596359777395076,
        -2.629887024189887
      ],
      [
        1.2996844518535364,
        -2.625151985547402
      ],
      [
        2.865055416797798,
        -0.6677371417040229
      ],
      [
        2.275605215110741,
        1.7893308496485896
      ]
    ],
    [
      [
        0.02948850513884948,
        2.987818530739151
      ],
      [
        0.05497350648074521,
        0.4425431868307911
      ],
      [
        -2.8831592127609493,
        -0.6544773345713664
      ],
      [
        -1.2709278179224675,
        -2.6633696360790524
      ],
      [
        0.43834675693886355,
        -0.017979510499032396
      ],
      [
        2.917123399216377,
        -0.6546048284303494
      ],
      [
        0.6465675827629137,
        0.544829882864936
      ]
    ],
    [
      [
        -0.01588705439732449,
        2.9988706367888462
      ],
      [
        -2.3038479825090232,
        1.8828760303591696
      ],
      [
        -2.8826249552353924,
        -0.6485980105639125
      ],
      [
        -1.2283897203049479,
        -2.6405935943680396
      ],
      [
        1.309471979637584,
        -2.6685396854711385
      ],
      [
        2.916228281554593,
        -0.6486665674722806
      ],
      [
        2.2176025789274494,
        1.7358718374326392
      ]
    ],
    [
      [
        -0.005090599874346308,
        3.0131288258514344
      ],
      [
        -2.2942009685643088,
        1.8999994217959006
      ],
      [
        -0.4740632416905191,
        -0.22913049536869529
      ],
      [
        -0.3234417093723856,
        -0.8106484551216776
      ],
      [
        1.2544436128725636,
        -2.6725210854346386
      ],
      [
        2.9236132716094336,
        -0.6674104583432378
      ],
      [
        0.10500883340319819,
        -0.3895149230747494
      ]
    ],
    [
      [
        -0.016457413917510866,
        2.999529617378118
      ],
      [
        -2.316838059601557,
        1.8723790521595098
      ],
      [
        -2.7254857388159945,
        -0.6309056618813195
      ],
      [
        -1.2519506027100367,
        -2.6879876069411686
      ],
      [
        1.2179053114723142,
        -2.6615301505552367
      ],
      [
        2.828290775006234,
        -0.6161767446253846
      ],
      [
        2.2904772484280365,
        1.7902577515008495
      ]
    ],
    [
      [
        0.011663250731213222,
        3.008481271156748
      ],
      [
        -2.3300740624513403,
        1.8716196388055863
      ],
      [
        -0.06967860997067525,
        -0.4682607836651169
      ],
      [
        -1.2869545619469938,
        -2.714383437575942
      ],
      [
        0.39016760593779726,
        -0.8538159049302722
      ],
      [
        0.4947525100873686,
        -0.26112184972255376
      ],
      [
        2.3307218220206454,
        1.8576741444532194
      ]
    ],
    [
      [
        0.026516605428025128,
        3.001945384336871
      ],
      [
        -2.347572388168276,
        1.8513434478376638
      ],
      [
        -2.909525363015647,
        -0.6721231145769416
      ],
      [
        -1.2879310377767366,
        -2.7251081347868107
      ],
      [
        1.3219498044350344,
        -2.6531699677362215
      ],
      [
        2.9106639470994042,
        -0.6623682607035983
      ],
      [
