{"waypoints":[[[0.014699773794420284,1.501415598481722],[-1.427953680623114,-0.8259245636928525],[1.0399697766023626,-0.5957642486908562]],[[0.0495682564714123,1.0857118504328067],[-1.2338271831844656,-0.7282166269478089],[0.7565126431355896,-0.42098982995798284]],[[0.09180516986616025,0.538922126824655],[-0.7343798090491339,-0.5027721694407822],[0.5444483273148996,-0.29121579889634314]],[[0.10553394407234581,0.30501534455111023],[-0.18483631067107037,-0.2200376741602572],[0.4150541872138274,-0.2089780930938121]],[[0.06654788290478542,1.1674167731616887],[-0.8304074234179969,-0.5420203428134502],[0.9556816158815594,-0.5416720280610059]],[[0.04504880405067099,1.4059514046142327],[-1.2831854634968547,-0.761909748593774],[1.2835639911705212,-0.7402545244399015]]],"initial_positions":[[1.0605752387249069E-16,1.7320508075688774],[-1.5000000000000004,-0.8660254037844383],[1.4999999999999996,-0.8660254037844395]],"metadata":{"polygon_circumradius":1.7320508075688774,"n_touched":3,"n_waypoints":6,"fitness":8.330955815081394,"n_disks":3,"all_pairs_touch":true,"total_pairs":3,"valid":true,"n_violations":0,"path_collision_penalty":0.0,"disk_radius":0.3,"edge_length":3.0,"has_path_collisions":false,"path_length":8.330955815081394},"disk_trajectories":{"1":{"distance":2.931042857532058,"path":[[-1.5000000000000004,-0.8660254037844383],[-1.427953680623114,-0.8259245636928525],[-1.2338271831844656,-0.7282166269478089],[-0.7343798090491339,-0.5027721694407822],[-0.18483631067107037,-0.2200376741602572],[-0.8304074234179969,-0.5420203428134502],[-1.2831854634968547,-0.761909748593774],[-1.5000000000000004,-0.8660254037844383]]},"0":{"distance":2.862974684104646,"path":[[1.0605752387249069E-16,1.7320508075688774],[0.014699773794420284,1.501415598481722],[0.0495682564714123,1.0857118504328067],[0.09180516986616025,0.538922126824655],[0.10553394407234581,0.30501534455111023],[0.06654788290478542,1.1674167731616887],[0.04504880405067099,1.4059514046142327],[1.0605752387249069E-16,1.7320508075688774]]},"2":{"distance":2.5369382734446893,"path":[[1.4999999999999996,-0.8660254037844395],[1.0399697766023626,-0.5957642486908562],[0.7565126431355896,-0.42098982995798284],[0.5444483273148996,-0.29121579889634314],[0.4150541872138274,-0.2089780930938121],[0.9556816158815594,-0.5416720280610059],[1.2835639911705212,-0.7402545244399015],[1.4999999999999996,-0.8660254037844395]]}}}
