{
  "metadata": {
    "n_disks": 6,
    "n_waypoints": 14,
    "path_length": 33.46084044650479,
    "fitness": 33.46084044650479,
    "all_pairs_touch": true,
    "has_path_collisions": false,
    "path_collision_penalty": 0.0
  },
  "initial_positions": [
    [
      1.8369701987210297e-16,
      3.0
    ],
    [
      -2.5980762113533156,
      1.5000000000000009
    ],
    [
      -2.5980762113533165,
      -1.4999999999999991
    ],
    [
      -5.51091059616309e-16,
      -3.0
    ],
    [
      2.598076211353315,
      -1.5000000000000013
    ],
    [
      2.598076211353317,
      1.4999999999999978
    ]
  ],
  "waypoints": [
    [
      [
        -0.15249797501249865,
        0.15848716174683375
      ],
      [
        -0.7062902917380728,
        0.3895854770627098
      ],
      [
        -0.6303860842547293,
        -0.20768575569355124
      ],
      [
        -0.0018272489117092147,
        -2.58921672040036
      ],
      [
        1.392325430265803,
        -0.7993553672405174
      ],
      [
        2.467130395430538,
        1.4265269204332987
      ]
    ],
    [
      [
        0.022604093517994632,
        0.1364514242784803
      ],
      [
        -0.6134620106415857,
        0.39278339387721173
      ],
      [
        -0.6306915355632837,
        -0.20882014047422726
      ],
      [
        -0.013492946187320227,
        -0.9977742458086913
      ],
      [
        0.8182824339538051,
        -0.4702880953982008
      ],
      [
        2.321689726081523,
        1.3433297275340306
      ]
    ],
    [
      [
        0.17275201457857553,
        0.12020758561525843
      ],
      [
        -0.5121497212208745,
        0.3821438110749712
      ],
      [
        -0.6306887495113632,
        -0.2089834686143198
      ],
      [
        -0.017486048181192093,
        -0.4508644841792634
      ],
      [
        0.5734283239740195,
        -0.32918452163614026
      ],
      [
        2.067525130915025,
        1.1956604873639374
      ]
    ],
    [
      [
        0.12023471077058277,
        0.7821992311041976
      ],
      [
        -0.39066687535222966,
        0.3459223422587519
      ],
      [
        -0.6305573205339906,
        -0.20890212068336036
      ],
      [
        -0.023958369014178697,
        -0.3976172707125028
      ],
      [
        0.5733980673773229,
        -0.3292372913314509
      ],
      [
        0.47575242640044774,
        0.2837465561418469
      ]
    ],
    [
      [
        0.12033296084795991,
        0.782721727461397
      ],
      [
        -0.27625259551634795,
        0.2792643709028079
      ],
      [
        -0.6305479870720169,
        -0.20898999810965815
      ],
      [
        -0.031713263810700984,
        -0.27091028667103945
      ],
      [
        0.5733973805771357,
        -0.32947190782578967
      ],
      [
        0.32259759667934196,
        0.21583765234764085
      ]
    ],
    [
      [
        0.12026672130313648,
        0.7832324165313538
      ],
      [
        -0.26873222435340305,
        0.3196487123271595
      ],
      [
        -0.49124490388761866,
        -0.3009839697345244
      ],
      [
        0.00827944070365454,
        -0.8944807309465408
      ],
      [
        0.5729277994339788,
        -0.329471975348071
      ],
      [
        0.32240198408868576,
        0.2159282101922306
      ]
    ],
    [
      [
        0.120335310390015,
        0.7835403365231662
      ],
      [
        -0.2687179834238645,
        0.319681995954365
      ],
      [
        -0.04180347281591964,
        -0.2635507088580539
      ],
      [
        0.008096350039906032,
        -0.8951702326870443
      ],
      [
        0.5557702621553271,
        -0.3369202281551875
      ],
      [
        0.32238571682371164,
        0.21586117996425866
      ]
    ],
    [
      [
        0.11565479149080704,
        0.8801351482197295
      ],
      [
        -0.21993361121857058,
        0.2743801892581524
      ],
      [
        -0.40296249104293086,
        -0.44371764292719185
      ],
      [
        0.006309547727499815,
        -0.9944873243800173
      ],
      [
        0.5436837677485364,
        -0.3254845348599895
      ],
      [
        0.5060604614299217,
        0.31917980478058705
      ]
    ],
    [
      [
        0.11466091010048968,
        0.9103319444869358
      ],
      [
        0.05045681353879268,
        0.030670482865335663
      ],
      [
        -0.4237235883308615,
        -0.4530144683003794
      ],
      [
        0.005905145996443689,
        -1.0661746186484313
      ],
      [
        0.5389752850271943,
        -0.32119825612207886
      ],
      [
        0.6167060058114167,
        0.37967288468111304
      ]
    ],
    [
      [
        0.11343879813788052,
        0.9311863202461304
      ],
      [
        -0.07800749775931673,
        0.10009252730596462
      ],
      [
        -0.4384676407614087,
        -0.4603196746303012
      ],
      [
        0.007099142925201932,
        -1.2134708352280308
      ],
      [
        0.7114315772144212,
        -0.42015428352358936
      ],
      [
        0.6657115762299838,
        0.4068033075547302
      ]
    ],
    [
      [
        0.11055070900719703,
        0.9876187077020304
      ],
      [
        -0.5643010576007685,
        0.36824005633630497
      ],
      [
        -0.4887409062485416,
        -0.48535052177246923
      ],
      [
        0.006415225813375827,
        -1.4909918572233247
      ],
      [
        0.912919489727997,
        -0.5381824819737988
      ],
      [
        0.7454688750975227,
        0.45149952020701206
      ]
    ],
    [
      [
        0.10516818333933281,
        1.1364793163850913
      ],
      [
        -1.0683438172558382,
        0.6476216939492502
      ],
      [
        -0.5905272875160896,
        -0.534222758131863
      ],
      [
        0.006893810514171456,
        -1.5385378256708688
      ],
      [
        1.4469421518436232,
        -0.8435536215939101
      ],
      [
        1.5207910495348567,
        0.8891126354703343
      ]
    ],
    [
      [
        0.0912772536401029,
        1.3620801528986024
      ],
      [
        -1.8153315809810566,
        1.066430052054509
      ],
      [
        -0.7080685051830606,
        -0.5925994252945537
      ],
      [
        0.007104764075798831,
        -1.741185514744327
      ],
      [
        1.922334796571181,
        -1.1146305094511975
      ],
      [
        2.103421872828914,
        1.2185584977174213
      ]
    ],
    [
      [
        0.030632642773570175,
        2.433352489995874
      ],
      [
        -2.1520236939451944,
        1.250729201868044
      ],
      [
        -1.1702355558064466,
        -0.8141988243189828
      ],
      [
        0.006213374708472926,
        -2.376805259034171
      ],
      [
        2.1292122111446887,
        -1.2320960073986658
      ],
      [
        2.459586610830637,
        1.4206068223037063
      ]
    ]
  ],