{"metadata":{"n_disks":8,"n_waypoints":10,"path_length":120.57959567703536,"fitness":120.57959567703536,"all_pairs_touch":true,"has_path_collisions":false,"path_collision_penalty":0.0},"initial_positions":[[1.8369701987210297E-16,3.0],[-2.1213203435596424,2.121320343559643],[-3.0,3.6739403974420594E-16],[-2.121320343559643,-2.1213203435596424],[-5.51091059616309E-16,-3.0],[2.121320343559642,-2.121320343559643],[3.0,-7.347880794884119E-16],[2.121320343559643,2.121320343559642]],"waypoints":[[[-1.287544124026221,1.7121410441994804],[-1.176591306076773,-0.16146129187773117],[-1.7128074806304756,1.2871801409836794],[-0.3013639625009878,-2.122004585194293],[-0.9443743090836896,-0.7165516346093512],[0.30003055868857953,-2.1167965954370054],[2.674676217309366,0.7833426288560476],[2.4463098848011207,1.3402747961084676]],[[0.9467202233320502,0.7173895327076036],[-2.1220199632973618,0.3003343586207523],[-2.9985670628100363,0.0000289483306236235],[-2.121182704025031,-0.3008535478884853],[1.2863105031125144,-1.7109329254634544],[1.1773511802280705,0.1621838441712709],[1.7120942684338907,-1.2860280914640758],[2.3461235975659447,2.1214136837442847]],[[-0.9009073052115986,0.5973925271775409],[-2.445959348594065,1.3397610236633302],[-2.6764681209829906,0.7836740052234283],[-1.2260484342557172,0.09189931213131636],[-0.036033106521066394,-2.683452685236603],[2.121407440113937,-0.3000157598200578],[2.999001026678954,0.000008205527707945152],[2.121406560257917,0.3020108443727092]],[[6.58093013163369E-7,0.3014159742420019],[-2.1214081828816145,2.121448957965646],[-2.675576397485892,-0.782097991338373],[-2.444876457503902,-1.3378467147855122],[-0.0003290209736844926,-0.30001249168060296],[2.4473869689671233,-1.337851694723902],[2.6782547004733335,-0.7830570219452317],[2.120025786669339,2.122246342878869]],[[0.7834807445629357,2.67533844222865],[0.1621798833773822,1.17552465197523],[-0.7165403100634631,-0.9462587706979586],[-1.3392886073107446,-2.445960989248219],[-0.7835243912556118,-2.6741168080162643],[-0.16124838034059205,-1.1741971062277181],[0.7179570442179402,0.946905092777415],[1.3378803445021408,2.445005819228067]],[[1.2886740806447579,1.7147585931673266],[-0.2126036269495979,0.21349651918620804],[-1.7121056740161809,-1.2872942823902411],[-2.120565644114639,-2.1199198250491817],[-1.2878872001399166,-1.7121998356756452],[0.21214261551940694,-0.2119667581261211],[1.7111320644684596,1.2860209651069376],[2.1204792336533362,2.19488214896729]],[[-0.002618925710136605,2.999480112663443],[-0.301092560180602,2.117636930939279],[-0.3014396673522729,0.000009035543505953138],[-2.121141477380717,-2.1204013944770246],[0.7831293011081817,-2.6756463592368824],[1.3373728096928579,-2.4445258421908362],[0.30000999015660224,-0.0015683295731372142],[0.2999853518295145,2.1214033600739883]],[[-0.7834642846510231,2.680938032227359],[-1.3376899846971768,2.4459633958543856],[-0.7164642332050509,0.9434485467985299],[0.1603782420978323,-1.1758750900761772],[-0.00009612154299080942,-3.000127310350175],[2.1226709977308404,-2.121880935014353],[0.7166581353439789,-0.9458944110310195],[-0.1616120481196281,1.1756895015779247]],[[0.000005280258614051415,3.0132017413466374],[-2.123971640798171,2.121345487720054],[-2.9964709834218652,-0.0014497637211323402],[-0.21869663612404472,-0.22010982886586858],[-0.00008602771145567532,-2.999761858587603],[2.1203712455082098,-2.119303591177606],[3.0013024445664422,0.000009334794860095968],[0.19528166646550532,0.21556573898239217]],[[0.0005998699768624833,2.9995555200155017],[-2.121167996798964,2.1214227095157634],[-2.999842193778339,-0.000006043286495556272],[-2.1214364843383207,-2.121404801780775],[0.9458252719531408,-0.7165373097431005],[2.1214101109524144,-2.1223553041620686],[3.000174065215879,0.000006934859534153344],[1.1754463176697105,-0.16014193101159827]]],"disk_trajectories":{"0":{"path":[[1.8369701987210297E-16,3.0],[-1.287544124026221,1.7121410441994804],[0.9467202233320502,0.7173895327076036],[-0.9009073052115986,0.5973925271775409],[6.58093013163369E-7,0.3014159742420019],[0.7834807445629357,2.67533844222865],[1.2886740806447579,1.7147585931673266],[-0.002618925710136605,2.999480112663443],[-0.7834642846510231,2.680938032227359],[0.000005280258614051415,3.0132017413466374],[0.0005998699768624833,2.9995555200155017],[1.8369701987210297E-16,3.0]],"distance":14.182049051803668},"1":{"path":[[-2.1213203435596424,2.121320343559643],[-1.176591306076773,-0.16146129187773117],[-2.1220199632973618,0.3003343586207523],[-2.445959348594065,1.3397610236633302],[-2.1214081828816145,2.121448957965646],[0.1621798833773822,1.17552465197523],[-0.2126036269495979,0.21349651918620804],[-0.301092560180602,2.117636930939279],[-1.3376899846971768,2.4459633958543856],[-2.123971640798171,2.121345487720054],[-2.121167996798964,2.1214227095157634],[-2.1213203435596424,2.121320343559643]],"distance":12.809247055157048},"2":{"path":[[-3.0,3.6739403974420594E-16],[-1.7128074806304756,1.2871801409836794],[-2.9985670628100363,0.0000289483306236235],[-2.6764681209829906,0.7836740052234283],[-2.675576397485892,-0.782097991338373],[-0.7165403100634631,-0.9462587706979586],[-1.7121056740161809,-1.2872942823902411],[-0.3014396673522729,0.000009035543505953138],[-0.7164642332050509,0.9434485467985299],[-2.9964709834218652,-0.0014497637211323402],[-2.999842193778339,-0.000006043286495556272],[-3.0,3.6739403974420594E-16]],"distance":14.48327976310019},"3":{"path":[[-2.121320343559643,-2.1213203435596424],[-0.3013639625009878,-2.122004585194293],[-2.121182704025031,-0.3008535478884853],[-1.2260484342557172,0.09189931213131636],[-2.444876457503902,-1.3378467147855122],[-1.3392886073107446,-2.445960989248219],[-2.120565644114639,-2.1199198250491817],[-2.121141477380717,-2.1204013944770246],[0.1603782420978323,-1.1758750900761772],[-0.21869663612404472,-0.22010982886586858],[-2.1214364843383207,-2.121404801780775],[-2.121320343559643,-2.1213203435596424]],"distance":15.850928385133965},"4":{"path":[[-5.51091059616309E-16,-3.0],[-0.9443743090836896,-0.7165516346093512],[1.2863105031125144,-1.7109329254634544],[-0.036033106521066394,-2.683452685236603],[-0.0003290209736844926,-0.30001249168060296],[-0.7835243912556118,-2.6741168080162643],[-1.2878872001399166,-1.7121998356756452],[0.7831293011081817,-2.6756463592368824],[-0.00009612154299080942,-3.000127310350175],[-0.00008602771145567532,-2.999761858587603],[0.9458252719531408,-0.7165373097431005],[-5.51091059616309E-16,-3.0]],"distance":20.599855175511713},"5":{"path":[[2.121320343559642,-2.121320343559643],[0.30003055868857953,-2.1167965954370054],[1.1773511802280705,0.1621838441712709],[2.121407440113937,-0.3000157598200578],[2.4473869689671233,-1.337851694723902],[-0.16124838034059205,-1.1741971062277181],[0.21214261551940694,-0.2119667581261211],[1.3373728096928579,-2.4445258421908362],[2.1226709977308404,-2.121880935014353],[2.1203712455082098,-2.119303591177606],[2.1214101109524144,-2.1223553041620686],[2.121320343559642,-2.121320343559643]],"distance":13.404972311077762},"6":{"path":[[3.0,-7.347880794884119E-16],[2.674676217309366,0.7833426288560476],[1.7120942684338907,-1.2860280914640758],[2.999001026678954,0.000008205527707945152],[2.6782547004733335,-0.7830570219452317],[0.7179570442179402,0.946905092777415],[1.7111320644684596,1.2860209651069376],[0.30000999015660224,-0.0015683295731372142],[0.7166581353439789,-0.9458944110310195],[3.0013024445664422,0.000009334794860095968],[3.000174065215879,0.000006934859534153344],[3.0,-7.347880794884119E-16]],"distance":14.876469956596457},