{
  "metadata": {
    "n_disks": 5,
    "n_waypoints": 5,
    "path_length": 27.429529773031835,
    "fitness": 27.429529773031835,
    "all_pairs_touch": true,
    "has_path_collisions": false,
    "path_collision_penalty": 0.0
  },
  "initial_positions": [
    [
      1.8369701987210297e-16,
      3.0
    ],
    [
      -2.8531695488854605,
      0.9270509831248426
    ],
    [
      -1.7633557568774196,
      -2.427050983124842
    ],
    [
      1.7633557568774187,
      -2.427050983124843
    ],
    [
      2.853169548885461,
      0.9270509831248415
    ]
  ],
  "waypoints": [
    [
      [
        -0.030935450925660052,
        2.4351946494532073
      ],
      [
        -0.2055013764670059,
        -0.01080770293561553
      ],
      [
        -0.34499894571969125,
        -0.5965042354270775
      ],
      [
        0.23197791495249181,
        -0.4244644079205211
      ],
      [
        1.9306698913232523,
        0.6305110938117432
      ]
    ],
    [
      [
        -0.06417468110547254,
        1.828323832852652
      ],
      [
        -0.22278597453656523,
        0.042272711646902536
      ],
      [
        -0.3449989457198324,
        -0.5965042354269614
      ],
      [
        0.3653838271809184,
        -0.4701886816320142
      ],
      [
        0.3729030502911124,
        0.12976320084301907
      ]
    ],
    [
      [
        -0.14017112715959204,
        0.44081575015635877
      ],
      [
        -0.7320764186235814,
        0.33059721298777683
      ],
      [
        -0.1542583013758427,
        -0.16109915373154274
      ],
      [
        0.36538382718241924,
        -0.4701886816319274
      ],
      [
        0.3729030502911007,
        0.12976320084293216
      ]
    ],
    [
      [
        0.037526088428715174,
        0.2250363134428085
      ],
      [
        -1.4457097400705965,
        0.5312720283228872
      ],
      [
        -0.4991467001203931,
        -0.6467755062373184
      ],
      [
        0.3653838271823528,
        -0.47018868163103145
      ],
      [
        1.3094127214022826,
        0.4308063377270871
      ]
    ],
    [
      [
        0.14775601364631522,
        0.09118297313871614
      ],
      [
        -2.391685541855397,
        0.7972812314878506
      ],
      [
        -1.1667016965865078,
        -1.5868348942318673
      ],
      [
        0.36538382718155843,
        -0.4701886816282621
      ],
      [
        2.0932617078739337,
        0.6827765141153818
      ]
    ]
  ],
  "disk_trajectories": {
    "0": {
      "path": [
        [
          1.8369701987210297e-16,
          3.0
        ],
        [
          -0.030935450925660052,
          2.4351946494532073
        ],
        [
          -0.06417468110547254,
          1.828323832852652
        ],
        [
          -0.14017112715959204,
          0.44081575015635877
        ],
        [
          0.037526088428715174,
          0.2250363134428085
        ],
        [
          0.14775601364631522,
          0.09118297313871614
        ],
        [
          1.8369701987210297e-16,
          3.0
        ]
      ],
      "distance": 5.928516881296832
    },
    "1": {
      "path": [
        [
          -2.8531695488854605,
          0.9270509831248426
        ],
        [
          -0.2055013764670059,
          -0.01080770293561553
        ],
        [
          -0.22278597453656523,
          0.042272711646902536
        ],
        [
          -0.7320764186235814,
          0.33059721298777683
        ],
        [
          -1.4457097400705965,
          0.5312720283228872
        ],
        [
          -2.391685541855397,
          0.7972812314878506
        ],
        [
          -2.8531695488854605,
          0.9270509831248426
        ]
      ],
      "distance": 5.653290424238618
    },
    "2": {
      "path": [
        [
          -1.7633557568774196,
          -2.427050983124842
        ],
        [
          -0.34499894571969125,
          -0.5965042354270775
        ],
        [
          -0.3449989457198324,
          -0.5965042354269614
        ],
        [
          -0.1542583013758427,
          -0.16109915373154274
        ],
        [
          -0.4991467001203931,
          -0.6467755062373184
        ],
        [
          -1.1667016965865078,
          -1.5868348942318673
        ],
        [
          -1.7633557568774196,
          -2.427050983124842
        ]
      ],
      "distance": 5.5702493295439295
    },
    "3": {
      "path": [
        [
          1.7633557568774187,
          -2.427050983124843
        ],
        [
          0.23197791495249181,
          -0.4244644079205211
        ],
        [
          0.3653838271809184,
          -0.4701886816320142
        ],
        [
          0.36538382718241924,
          -0.4701886816319274
        ],
        [
          0.3653838271823528,
          -0.47018868163103145
        ],
        [
          0.36538382718155843,
          -0.4701886816282621
        ],
        [
          1.7633557568774187,
          -2.427050983124843
        ]
      ],
      "distance": 5.066949282589814
    },
    "4": {
      "path": [
        [
          2.853169548885461,
          0.9270509831248415
        ],
        [
          1.9306698913232523,
          0.6305110938117432
        ],
        [
          0.3729030502911124,
          0.12976320084301907
        ],
        [
          0.3729030502911007,
          0.12976320084293216
        ],
        [
          1.3094127214022826,
          0.4308063377270871
        ],
        [
          2.0932617078739337,
          0.6827765141153818
        ],
        [
          2.853169548885461,
          0.9270509831248415
        ]
      ],
      "distance": 5.210523855362647
    }
  }
}