{
  "metadata": {
    "n_disks": 8,
    "n_waypoints": 10,
    "path_length": 45.826111907102415,
    "fitness": Infinity,
    "all_pairs_touch": false,
    "has_path_collisions": false,
    "path_collision_penalty": 0.005655979817709156
  },
  "initial_positions": [
    [
      1.8369701987210297e-16,
      3.0
    ],
    [
      -2.1213203435596424,
      2.121320343559643
    ],
    [
      -3.0,
      3.6739403974420594e-16
    ],
    [
      -2.121320343559643,
      -2.1213203435596424
    ],
    [
      -5.51091059616309e-16,
      -3.0
    ],
    [
      2.121320343559642,
      -2.121320343559643
    ],
    [
      3.0,
      -7.347880794884119e-16
    ],
    [
      2.121320343559643,
      2.121320343559642
    ]
  ],
  "waypoints": [
    [
      [
        0.08185155734663498,
        3.032165629976623
      ],
      [
        -1.9762704025438877,
        2.139978320267269
      ],
      [
        -2.9395741003568294,
        0.1362393784127118
      ],
      [
        -2.130118716514702,
        -2.192425803913137
      ],
      [
        1.2516444954267976,
        -1.74478294410112
      ],
      [
        1.9914721978123058,
        -2.0434191420809897
      ],
      [
        1.6803547528120428,
        -1.3250251380869589
      ],
      [
        2.2573895458662303,
        1.8950507060798336
      ]
    ],
    [
      [
        0.24120948979312815,
        2.9999870946633753
      ],
      [
        -2.1892373809272048,
        2.1328676490220917
      ],
      [
        -2.6568446583994363,
        0.24056666194334375
      ],
      [
        -2.049657940316631,
        -2.020964327315589
      ],
      [
        1.1305489391733667,
        -1.6567887928640337
      ],
      [
        1.8964789337134211,
        -2.125719681352264
      ],
      [
        1.6935932033953196,
        -1.0092910387175853
      ],
      [
        2.0356189175643324,
        1.932328231900505
      ]
    ],
    [
      [
        0.0543746752410281,
        2.4687272491399357
      ],
      [
        -2.032163045654839,
        2.126664466283906
      ],
      [
        -2.4582871715292316,
        -0.1563613802627819
      ],
      [
        -0.6929698322255662,
        -1.8003026475677946
      ],
      [
        -0.0932226382927673,
        -1.7829288053707668
      ],
      [
        1.9391272558209898,
        -2.0475694572049896
      ],
      [
        1.65885706419948,
        -0.7477572818417374
      ],
      [
        1.9777302566994344,
        2.033715815927145
      ]
    ],
    [
      [
        0.012800789509029872,
        2.4446932509172274
      ],
      [
        -2.1228912283946837,
        1.94550419390799
      ],
      [
        -2.85072554151284,
        0.002932999969446722
      ],
      [
        -0.699013597799631,
        -1.8003102266203137
      ],
      [
        -0.09322076973148795,
        -1.7828895397761813
      ],
      [
        1.8470340605811661,
        -2.103080201715879
      ],
      [
        1.4620829508632578,
        -0.7383815640785679
      ],
      [
        1.795376252307894,
        1.831510178072058
      ]
    ],
    [
      [
        0.07398225809101668,
        2.668000308437186
      ],
      [
        -1.7481351932410103,
        1.8240686697256316
      ],
      [
        -2.3666576771083494,
        -0.046522689703580596
      ],
      [
        -0.6929744638574176,
        -1.8002949054376083
      ],
      [
        -0.09322435236194157,
        -1.782903093278271
      ],
      [
        2.137901988791564,
        -2.1064684595676906
      ],
      [
        1.6870522553086424,
        -0.9312299223274626
      ],
      [
        2.0054260323550577,
        1.9099688140682591
      ]
    ],
    [
      [
        0.3204936446975698,
        2.4782046039514407
      ],
      [
        -1.6929425937674563,
        1.7562354738875408
      ],
      [
        -2.317382240917062,
        -2.3507821561812732e-05
      ],
      [
        -0.6929623545979788,
        -1.800324127584317
      ],
      [
        0.5181692621810081,
        -1.8970429300681797
      ],
      [
        1.1083469266639305,
        -2.006915286644715
      ],
      [
        1.5358561044907402,
        -0.857232832686577
      ],
      [
        2.131059433086964,
        2.0434470743527795
      ]
    ],
    [
      [
        -0.9989698593401766,
        1.233164721185684
      ],
      [
        -1.5793581019145522,
        1.5663452766790396
      ],
      [
        -1.4194941845329299,
        0.8051319467611935
      ],
      [
        -0.6929705193749192,
        -1.7985490260412667
      ],
      [
        0.5181739437500847,
        -1.897046521620205
      ],
      [
        1.1170675283644826,
        -2.0145938790721662
      ],
      [
        1.72451698005553,
        0.060507338179781774
      ],
      [
        1.7974825676488537,
        0.7378945039542469
      ]
    ],
    [
      [
        -1.1190520156749573,
        1.3473809259479905
      ],
      [
        -1.5537237479074049,
        1.760976521869531
      ],
      [
        -1.4194631276646077,
        0.8051345908633517
      ],
      [
        -0.6929700759584121,
        -1.8003013928361746
      ],
      [
        0.5181836646418254,
        -1.8970402452453756
      ],
      [
        1.1079827743497486,
        -2.00723512710889
      ],
      [
        1.6075231110282835,
        -0.03170294529007057
      ],
      [
        1.6988674115196,
        0.6231803239584238
      ]
    ],
    [
      [
        -1.1190489042552654,
        1.3473799029729097
      ],
      [
        -1.5537288714236113,
        1.7609828509539942
      ],
      [
        -0.6269053062001474,
        -0.31997370590104096
      ],
      [
        -0.692973794927416,
        -1.8003040154155376
      ],
      [
        -0.27438326864650453,
        -0.8054922050738613
      ],
      [
        1.1079860388039855,
        -2.007162011764367
      ],
      [
        1.6611625732421391,
        0.038655528092437656
      ],
      [
        1.797474201411469,
        0.622968792645767
      ]
    ],
    [
      [
        0.3810558065737033,
        1.117370632921585
      ],
      [
        -1.212372700653558,
        0.9945487734491487
      ],
      [
        -0.9682596327205556,
        0.4464531521709476
      ],
      [
        -0.9677767563760499,
        -0.8138176063710562
      ],
      [
        -0.27438326864650453,
        -0.8054922050738613
      ],
      [
        1.2907871794638952,
        -1.4517351673253258
      ],
      [
        1.478359232803735,
        -0.8818087591031764
      ],
      [
        0.9285390873679791,
        0.8718873193323795
      ]
    ]
  ],
  "disk_trajectories": {
    "0": {
      "path": [
        [
          1.8369701987210297e-16,
          3.0
        ],
        [
          0.08185155734663498,
          3.032165629976623
        ],
        [
          0.24120948979312815,
          2.9999870946633753
        ],
        [
          0.0543746752410281,
          2.4687272491399357
        ],
        [
          0.012800789509029872,
          2.4446932509172274
        ],
        [
          0.07398225809101668,
          2.668000308437186
        ],
        [
          0.3204936446975698,
          2.4782046039514407
        ],
        [
          -0.9989698593401766,
          1.233164721185684
        ],
        [
          -1.1190520156749573,
          1.3473809259479905
        ],
        [
          -1.1190489042552654,
          1.3473799029729097
        ],
        [
          0.3810558065737033,
          1.117370632921585
        ],
        [
          1.8369701987210297e-16,
          3.0
        ]
      ],
      "distance": 6.8226563278332115
    },