{
  "metadata": {
    "n_disks": 7,
    "n_waypoints": 7,
    "path_length": 71.58033783724915,
    "fitness": 171.58352882617592,
    "all_pairs_touch": true,
    "has_path_collisions": true,
    "path_collision_penalty": 100.00319098892678
  },
  "initial_positions": [
    [
      1.8369701987210297e-16,
      3.0
    ],
    [
      -2.3454944474040893,
      1.8704694055762008
    ],
    [
      -2.924783736545471,
      -0.6675628018689428
    ],
    [
      -1.3016512173526749,
      -2.702906603707257
    ],
    [
      1.3016512173526738,
      -2.702906603707258
    ],
    [
      2.9247837365454705,
      -0.6675628018689439
    ],
    [
      2.34549444740409,
      1.8704694055762001
    ]
  ],
  "waypoints": [
    [
      [
        -0.2773541707242764,
        0.17527574461845824
      ],
      [
        -0.8854861509670109,
        0.17407678751705769
      ],
      [
        -0.47464236727596093,
        0.744799850225397
      ],
      [
        0.020628002007257527,
        -0.3383024976596587
      ],
      [
        0.5331180566074621,
        -0.022685395585510252
      ],
      [
        -0.581017846797457,
        -0.34301536586343073
      ],
      [
        0.23043707058317475,
        0.4951280517628549
      ]
    ],
    [
      [
        -0.39791607848330074,
        0.14446639223204283
      ],
      [
        -0.42771736379774417,
        -0.4578103185330746
      ],
      [
        0.07674713364048312,
        -0.7787531519183264
      ],
      [
        0.09990955023076047,
        -0.18466721704576441
      ],
      [
        0.6547095305597821,
        -0.39275463566709873
      ],
      [
        0.6995977586563258,
        0.2044826444461318
      ],
      [
        0.13769199008249586,
        0.41417564489403713
      ]
    ],
    [
      [
        0.8104135733296244,
        0.39955986874537863
      ],
      [
        -0.02813996921593879,
        -0.4124253643907355
      ],
      [
        0.29385386011209813,
        0.6889722391510855
      ],
      [
        0.7362512860238151,
        -0.31977972469160415
      ],
      [
        -0.30640641085658343,
        0.6810673149218754
      ],
      [
        0.2988093921379858,
        0.09026235385338001
      ],
      [
        -0.3649151148760353,
        0.08355716418690227
      ]
    ],
    [
      [
        -0.11343422405890802,
        -0.1470034151694217
      ],
      [
        -0.3098687939670119,
        -0.7699700849205716
      ],
      [
        -0.6872867062215422,
        -0.3035722185391269
      ],
      [
        0.26743686060049493,
        -0.6095355394203291
      ],
      [
        0.04549618695919778,
        0.4344909850252124
      ],
      [
        0.4670488469869017,
        -0.021672613997879373
      ],
      [
        -0.537182520227853,
        0.2774812881937678
      ]
    ],
    [
      [
        0.08463431342973067,
        0.5565634684460034
      ],
      [
        -0.40337416088534855,
        0.9030695009125459
      ],
      [
        0.13047555322672522,
        -0.04132434277810649
      ],
      [
        0.14173756348043107,
        1.15347329654534
      ],
      [
        -0.46254857187712617,
        0.30627891326134676
      ],
      [
        0.6872010678143595,
        0.1763036135535651
      ],
      [
        -0.409571018143733,
        -0.28859787468281406
      ]
    ],
    [
      [
        -0.3484072967768316,
        -0.06594073175431178
      ],
      [
        -0.71284037932526,
        -0.5419142334071994
      ],
      [
        -0.41218102404600815,
        0.5296239940265107
      ],
      [
        0.13516707875400064,
        0.2827145161790118
      ],
      [
        0.1958781629180834,
        -0.3144327104747437
      ],
      [
        -0.07447535009366785,
        -0.8475059586747358
      ],
      [
        0.07767765818141696,
        0.8814712845524438
      ]
    ],
    [
      [
        -0.122869208833477,
        1.3144959454556564
      ],
      [
        -0.3612835343162431,
        0.7622273158899787
      ],
      [
        0.016835022209039773,
        0.26706385695587187
      ],
      [
        -0.5636517673651182,
        0.1097677699272733
      ],
      [
        -0.37284956519607954,
        -0.4557811257006902
      ],
      [
        0.21074184580244412,
        -0.33466227167364776
      ],
      [
        0.2336827205611679,
        0.8294617873313945
      ]
    ]
  ],
  "disk_trajectories": {
    "0": {
      "path": [
        [
          1.8369701987210297e-16,
          3.0
        ],
        [
          -0.2773541707242764,
          0.17527574461845824
        ],
        [
          -0.39791607848330074,
          0.14446639223204283
        ],
        [
          0.8104135733296244,
          0.39955986874537863
        ],
        [
          -0.11343422405890802,
          -0.1470034151694217
        ],
        [
          0.08463431342973067,
          0.5565634684460034
        ],
        [
          -0.3484072967768316,
          -0.06594073175431178
        ],
        [
          -0.122869208833477,
          1.3144959454556564
        ],
        [
          1.8369701987210297e-16,
          3.0
        ]
      ],
      "distance": 9.849068586836436
    },
    "1": {
      "path": [
        [
          -2.3454944474040893,
          1.8704694055762008
        ],
        [
          -0.8854861509670109,
          0.17407678751705769
        ],
        [
          -0.42771736379774417,
          -0.4578103185330746
        ],
        [
          -0.02813996921593879,
          -0.4124253643907355
        ],
        [
          -0.3098687939670119,
          -0.7699700849205716
        ],
        [
          -0.40337416088534855,
          0.9030695009125459
        ],
        [
          -0.71284037932526,
          -0.5419142334071994
        ],
        [
          -0.3612835343162431,
          0.7622273158899787
        ],
        [
          -2.3454944474040893,
          1.8704694055762008
        ]
      ],
      "distance": 10.652614357322733
    },
    "2": {
      "path": [
        [
          -2.924783736545471,
          -0.6675628018689428
        ],
        [
          -0.47464236727596093,
          0.744799850225397
        ],
        [
          0.07674713364048312,
          -0.7787531519183264
        ],
        [
          0.29385386011209813,
          0.6889722391510855
        ],
        [
          -0.6872867062215422,
          -0.3035722185391269
        ],
        [
          0.13047555322672522,
          -0.04132434277810649
        ],
        [
          -0.41218102404600815,
          0.5296239940265107
        ],
        [
          0.016835022209039773,
          0.26706385695587187
        ],
        [
          -2.924783736545471,
          -0.6675628018689428
        ]
      ],
      "distance": 12.563637975376611
    },
    "3": {
      "path": [
        [
          -1.3016512173526749,
          -2.702906603707257
        ],
        [
          0.020628002007257527,
          -0.3383024976596587
        ],
        [
          0.09990955023076047,
          -0.18466721704576441
        ],
        [
          0.7362512860238151,
          -0.31977972469160415
        ],
        [
          0.26743686060049493,
          -0.6095355394203291
        ],
        [
          0.14173756348043107,
          1.15347329654534
        ],
        [
          0.13516707875400064,
          0.2827145161790118
        ],
        [
          -0.5636517673651182,
          0.1097677699272733
        ],
        [
          -1.3016512173526749,
          -2.702906603707257
        ]
      ],
      "distance": 10.34979781128901
    },