{
  "metadata": {
    "n_disks": 6,
    "n_waypoints": 14,
    "path_length": 33.430643582687104,
    "fitness": 33.430643582687104,
    "all_pairs_touch": true,
    "has_path_collisions": false,
    "path_collision_penalty": 0.0
  },
  "initial_positions": [
    [
      1.8369701987210297e-16,
      3.0
    ],
    [
      -2.5980762113533156,
      1.5000000000000009
    ],
    [
      -2.5980762113533165,
      -1.4999999999999991
    ],
    [
      -5.51091059616309e-16,
      -3.0
    ],
    [
      2.598076211353315,
      -1.5000000000000013
    ],
    [
      2.598076211353317,
      1.4999999999999978
    ]
  ],
  "waypoints": [
    [
      [
        -0.16774172003112053,
        0.15185881262788706
      ],
      [
        -0.6804469409298705,
        0.4637521856237535
      ],
      [
        -0.6293269896166493,
        -0.23471412454964777
      ],
      [
        -0.003839008934589996,
        -2.6044757611446405
      ],
      [
        1.3792246556945742,
        -0.7886766736425056
      ],
      [
        2.446974417705529,
        1.4138031367384551
      ]
    ],
    [
      [
        0.04097177944051144,
        0.12630864085288565
      ],
      [
        -0.6007443658022319,
        0.42072200182402064
      ],
      [
        -0.6293306800884498,
        -0.23471618227574667
      ],
      [
        -0.019482079446181,
        -1.004419919429502
      ],
      [
        0.815237491891717,
        -0.467209542074464
      ],
      [
        2.3002418095462565,
        1.3286056723265276
      ]
    ],
    [
      [
        0.1646357650086873,
        0.11144733424460641
      ],
      [
        -0.4753629604629245,
        0.3559256845434989
      ],
      [
        -0.6293277290531617,
        -0.23472120414738698
      ],
      [
        -0.02337796709126285,
        -0.46018421627448464
      ],
      [
        0.5740790383826098,
        -0.3299763504376571
      ],
      [
        2.0905702436301805,
        1.2066418261287857
      ]
    ],
    [
      [
        0.12322676546146176,
        0.7824626747362149
      ],
      [
        -0.4193585459572556,
        0.3295503668085339
      ],
      [
        -0.629329529025837,
        -0.2347248376493194
      ],
      [
        -0.027403687567985394,
        -0.31807397017057615
      ],
      [
        0.5740804509989914,
        -0.3299845047775128
      ],
      [
        0.4971347479719798,
        0.290702224904167
      ]
    ],
    [
      [
        0.12322875675484564,
        0.782496191498603
      ],
      [
        -0.2825226981485457,
        0.2652518977926345
      ],
      [
        -0.6293286887659758,
        -0.23472617554921768
      ],
      [
        -0.029019853825288842,
        -0.2808579093863299
      ],
      [
        0.5740827906691843,
        -0.32999925392428686
      ],
      [
        0.31642980935277787,
        0.212259153200224
      ]
    ],
    [
      [
        0.12310847549090313,
        0.7879666143766907
      ],
      [
        -0.27522253736718166,
        0.31236493447720365
      ],
      [
        -0.5010201946225287,
        -0.30949756505048154
      ],
      [
        0.0035202778161898354,
        -0.9497502735133883
      ],
      [
        0.5740807501436019,
        -0.3300008641325148
      ],
      [
        0.3164297633016461,
        0.21226098849136998
      ]
    ],
    [
      [
        0.12209302140776322,
        0.8190782686923821
      ],
      [
        -0.27521731558906787,
        0.31236858584661076
      ],
      [
        -0.04424566873667357,
        -0.26983494277819464
      ],
      [
        0.0035276949362732495,
        -0.9498486125890677
      ],
      [
        0.553875433186528,
        -0.338756296763657
      ],
      [
        0.31642621487383854,
        0.2122600008397707
      ]
    ],
    [
      [
        0.11868903165366351,
        0.8806873812864167
      ],
      [
        -0.22180987835291463,
        0.2626701781422496
      ],
      [
        -0.42673371065578586,
        -0.4551149030955887
      ],
      [
        0.0024746803097047076,
        -1.0340909856002662
      ],
      [
        0.5488183650493067,
        -0.3344292679986433
      ],
      [
        0.5130832168289147,
        0.3253206954123398
      ]
    ],
    [
      [
        0.11725711438274206,
        0.9141241507453255
      ],
      [
        0.05714823604925864,
        0.017352119222047647
      ],
      [
        -0.43955032753381695,
        -0.461679140554935
      ],
      [
        0.0004234765148472087,
        -1.0829303476085521
      ],
      [
        0.5469394889090531,
        -0.33279657584784683
      ],
      [
        0.6123959989220431,
        0.38255504512135674
      ]
    ],
    [
      [
        0.11686811467613392,
        0.9205944040115152
      ],
      [
        -0.061950822618826534,
        0.08598837474263638
      ],
      [
        -0.456990214242304,
        -0.4704670347525388
      ],
      [
        -0.0022745055855814926,
        -1.2008658930112757
      ],
      [
        0.6969539069425792,
        -0.4195680054910598
      ],
      [
        0.6785269934117342,
        0.4186824887472544
      ]
    ],
    [
      [
        0.11214049904115281,
        0.9967496326970686
      ],
      [
        -0.5551474579521238,
        0.35768806070444975
      ],
      [
        -0.5021253859748903,
        -0.4919430918573652
      ],
      [
        -0.0005780024356102537,
        -1.4646900454239635
      ],
      [
        0.8932236604046481,
        -0.5319605760689133
      ],
      [
        0.7496320843761884,
        0.456569223820411
      ]
    ],
    [
      [
        0.10612544905629485,
        1.1091132830404742
      ],
      [
        -1.0702125119445451,
        0.6467727066954592
      ],
      [
        -0.589300028187507,
        -0.5344077087072081
      ],
      [
        0.0008736214409459883,
        -1.5588265681006488
      ],
      [
        1.4210918585044279,
        -0.8372282684750995
      ],
      [
        1.4720111693830886,
        0.8619689839168408
      ]
    ],
    [
      [
        0.09204257331700844,
        1.3842696841657112
      ],
      [
        -1.833745665310128,
        1.0771587017106636
      ],
      [
        -0.7211165920389568,
        -0.5990397934895396
      ],
      [
        0.0005863260651244776,
        -1.776611074292562
      ],
      [
        1.903339581356098,
        -1.1113105271400956
      ],
      [
        2.073923705404949,
        1.2028041518912016
      ]
    ],
    [
      [
        0.03271476844300844,
        2.4717812518565694
      ],
      [
        -2.1324959207911824,
        1.2447021043323727
      ],
      [
        -1.1573202906646258,
        -0.8164301472113836
      ],
      [
        -0.0009121097419446955,
        -2.3512657359644966
      ],
      [
        2.1056501600364155,
        -1.2235381990764236
      ],
      [
        2.404735101157048,
        1.3905934795577184
      ]
    ]
  ],