{"waypoints":[[[-0.5290514105755503,0.6840754072751657],[-0.28179596752318314,0.13700173706834656],[-0.6866391422947113,-1.2215908594864018],[0.9639095837315825,-0.13717864250956258],[0.252079954321909,-0.13679909889543676]],[[-0.5100994072808285,0.5262067513517507],[-0.8145688216881816,-0.24749579569182611],[-0.1694716257901981,-0.4248675883761653],[0.8660936147646879,0.06550306063529832],[0.45249998233099786,-0.4018459600852533]],[[0.4589104215400018,-0.09923391061748321],[-0.8350431653647428,-0.3855273135071352],[-0.16819937270176935,-0.4010114110461919],[0.4422576123668586,0.7358036660410896],[0.42762342856981916,-0.6984111887723142]],[[0.8484781767323959,0.34892209795281165],[-0.8431364668758748,-0.39380468256716783],[-0.19345706135149104,-0.5004241968467266],[-0.246556572670783,0.09721548342091016],[0.4099437030936228,-0.2654968904886794]],[[0.5733554161322291,0.9556379821679387],[-0.8622230403110043,-0.38780952574843625],[-0.19138885776155778,-1.0131679824286657],[-0.3518956743186849,-0.07227757903092472],[0.4724594979666295,-0.030170080788912902]],[[0.2615254795205489,1.7289855399033134],[-1.3050258853429744,-0.04998256717711246],[-0.6571175231539477,-1.6338435882420321],[0.6102603313449856,-1.0594517856800791],[1.1274034158305297,0.3874861955869049]]],"initial_positions":[[1.5626201844606514E-16,2.5519524250561196],[-2.427050983124842,0.7885966681787006],[-1.5000000000000002,-2.06457288070676],[1.4999999999999993,-2.0645728807067605],[2.4270509831248424,0.7885966681786997]],"metadata":{"polygon_circumradius":2.5519524250561196,"n_touched":10,"n_waypoints":6,"fitness":28.407551210766503,"n_disks":5,"all_pairs_touch":true,"total_pairs":10,"valid":true,"n_violations":0,"path_collision_penalty":0.0,"disk_radius":0.3,"edge_length":3.0,"has_path_collisions":false,"path_length":28.407551210766503},"disk_trajectories":{"4":{"distance":5.807234241407899,"path":[[2.4270509831248424,0.7885966681786997],[0.252079954321909,-0.13679909889543676],[0.45249998233099786,-0.4018459600852533],[0.42762342856981916,-0.6984111887723142],[0.4099437030936228,-0.2654968904886794],[0.4724594979666295,-0.030170080788912902],[1.1274034158305297,0.3874861955869049],[2.4270509831248424,0.7885966681786997]]},"1":{"distance":5.027907965648962,"path":[[-2.427050983124842,0.7885966681787006],[-0.28179596752318314,0.13700173706834656],[-0.8145688216881816,-0.24749579569182611],[-0.8350431653647428,-0.3855273135071352],[-0.8431364668758748,-0.39380468256716783],[-0.8622230403110043,-0.38780952574843625],[-1.3050258853429744,-0.04998256717711246],[-2.427050983124842,0.7885966681787006]]},"0":{"distance":6.211040053372511,"path":[[1.5626201844606514E-16,2.5519524250561196],[-0.5290514105755503,0.6840754072751657],[-0.5100994072808285,0.5262067513517507],[0.4589104215400018,-0.09923391061748321],[0.8484781767323959,0.34892209795281165],[0.5733554161322291,0.9556379821679387],[0.2615254795205489,1.7289855399033134],[1.5626201844606514E-16,2.5519524250561196]]},"2":{"distance":4.48300495444253,"path":[[-1.5000000000000002,-2.06457288070676],[-0.6866391422947113,-1.2215908594864018],[-0.1694716257901981,-0.4248675883761653],[-0.16819937270176935,-0.4010114110461919],[-0.19345706135149104,-0.5004241968467266],[-0.19138885776155778,-1.0131679824286657],[-0.6571175231539477,-1.6338435882420321],[-1.5000000000000002,-2.06457288070676]]},"3":{"distance":6.878363995894598,"path":[[1.4999999999999993,-2.0645728807067605],[0.9639095837315825,-0.13717864250956258],[0.8660936147646879,0.06550306063529832],[0.4422576123668586,0.7358036660410896],[-0.246556572670783,0.09721548342091016],[-0.3518956743186849,-0.07227757903092472],[0.6102603313449856,-1.0594517856800791],[1.4999999999999993,-2.0645728807067605]]}}}
