{
  "metadata": {
    "n_disks": 7,
    "n_waypoints": 14,
    "path_length": 41.555460781436274,
    "fitness": 41.555460781436274,
    "all_pairs_touch": true,
    "has_path_collisions": false,
    "path_collision_penalty": 0.0
  },
  "initial_positions": [
    [
      1.8369701987210297e-16,
      3.0
    ],
    [
      -2.3454944474040893,
      1.8704694055762008
    ],
    [
      -2.924783736545471,
      -0.6675628018689428
    ],
    [
      -1.3016512173526749,
      -2.702906603707257
    ],
    [
      1.3016512173526738,
      -2.702906603707258
    ],
    [
      2.9247837365454705,
      -0.6675628018689439
    ],
    [
      2.34549444740409,
      1.8704694055762001
    ]
  ],
  "waypoints": [
    [
      [
        -1.0184255520965415,
        0.29008540904296504
      ],
      [
        -1.5416613010038374,
        0.5858728733882296
      ],
      [
        -1.5362183092246953,
        -0.015629332686549195
      ],
      [
        -1.2055206185773077,
        -2.549990025853524
      ],
      [
        1.010528561365971,
        -2.1063168886767643
      ],
      [
        2.718533007671752,
        -0.6318257333212487
      ],
      [
        2.324225314413581,
        1.8506265763757919
      ]
    ],
    [
      [
        -0.78128840844299,
        0.08916254186234415
      ],
      [
        -1.539409907679493,
        0.5866710746773376
      ],
      [
        -1.5361010777448585,
        -0.015207250697439816
      ],
      [
        -0.9840458996289987,
        -2.291969887664025
      ],
      [
        0.7020218760897887,
        -1.4729687056524368
      ],
      [
        2.6619418295082675,
        -0.6093374289574888
      ],
      [
        2.2965748299700617,
        1.8084793251929143
      ]
    ],
    [
      [
        0.34614303576917327,
        -0.47343714156679184
      ],
      [
        -1.5386250604411653,
        0.5861987140438127
      ],
      [
        -1.535317900464611,
        -0.016405338028073625
      ],
      [
        -0.07988082687160745,
        -0.8976128661442504
      ],
      [
        0.508271945662019,
        -1.052991276391536
      ],
      [
        2.5132067832327762,
        -0.5686385049810733
      ],
      [
        2.005257958269616,
        1.3624210657405154
      ]
    ],
    [
      [
        0.4473874020727208,
        0.015241637030974373
      ],
      [
        -1.5345645829508916,
        0.5861118980245601
      ],
      [
        -1.5348653407363242,
        -0.017709456683955696
      ],
      [
        -0.06222728212870688,
        -0.8609438352025892
      ],
      [
        0.5085662615866473,
        -1.056859703168704
      ],
      [
        2.4491168553823908,
        -0.5521971446795171
      ],
      [
        1.5509918516904337,
        0.7417933552884791
      ]
    ],
    [
      [
        0.4502398613775459,
        0.04784600875239688
      ],
      [
        -1.532229909159652,
        0.5872408940224734
      ],
      [
        -1.5347889132845283,
        -0.01991152152500853
      ],
      [
        -0.05917348231411106,
        -0.8569958810105358
      ],
      [
        0.5081407292087861,
        -1.062069266723104
      ],
      [
        0.8581794766576994,
        -0.3942217016869351
      ],
      [
        1.0373387920366366,
        0.1804167157268959
      ]
    ],
    [
      [
        0.14750360899394094,
        2.1189625891833503
      ],
      [
        -1.335498412356937,
        0.5652482455995216
      ],
      [
        -1.5350581141141706,
        -0.019824147522076542
      ],
      [
        -0.058746042878909145,
        -0.8534798296781109
      ],
      [
        0.5117215845218178,
        -1.0777474608086302
      ],
      [
        0.6579196594132827,
        -0.44543734813475555
      ],
      [
        1.036596996256578,
        0.17908416218151357
      ]
    ],
    [
      [
        0.09970758364986801,
        2.38697652270427
      ],
      [
        -0.08851682023520195,
        -0.22076437999607917
      ],
      [
        -1.5336972750652254,
        -0.018956852117706226
      ],
      [
        -0.02982768052964216,
        -0.8186917752650723
      ],
      [
        0.5124120003284313,
        -1.0780286888736903
      ],
      [
        0.4590982570878881,
        -0.46762335824590817
      ],
      [
        1.0328383013786695,
        0.17752676497675185
      ]
    ],
    [
      [
        0.0661439318908606,
        2.650515814158365
      ],
      [
        -0.08725119101098694,
        -0.22014185193791
      ],
      [
        -1.5303725784228335,
        -0.01919082601141513
      ],
      [
        -0.16084988338352416,
        -0.8308234040903938
      ],
      [
        0.5124361856756593,
        -1.0776213089638718
      ],
      [
        0.963095249140233,
        -0.5235546511064794
      ],
      [
        0.939657662005239,
        0.15229429169430744
      ]
    ],
    [
      [
        0.03763761588976942,
        2.777149035472674
      ],
      [
        -0.06164155619881578,
        -0.25540918801027684
      ],
      [
        -1.4976243235588063,
        -0.022511253677393022
      ],
      [
        -0.19983154004506284,
        -0.8414803575969476
      ],
      [
        0.3759610302427312,
        -0.6684734953142955
      ],
      [
        0.9620688749833759,
        -0.5235766901161547
      ],
      [
        0.5140175665868263,
        -0.08332071170652709
      ]
    ],
    [
      [
        0.005611146921620907,
        2.970170990730304
      ],
      [
        -1.6150633336383664,
        1.2277231581804826
      ],
      [
        -1.4932554484805824,
        -0.023796726168598407
      ],
      [
        -0.19549784978530327,
        -0.8396075475478046
      ],
      [
        0.46888002522366407,
        -0.9489828852051928
      ],
      [
        0.9598708763554537,
        -0.5248349305825881
      ],
      [
        0.2976894025588786,
        -0.26703700419877124
      ]
    ],
    [
      [
        0.0031931153630494332,
        2.9753819825144374
      ],
      [
        -1.6895012716491247,
        1.3073866776468306
      ],
      [
        -0.3801895090269568,
        -0.26796059030277114
      ],
      [
        -0.19222486975161215,
        -0.8388614765015
      ],
      [
        0.47880705344278096,
        -0.9627107920989758
      ],
      [
        0.9430019749236283,
        -0.5259891911805724
      ],
      [
        0.20836044712525253,
        -0.390053704282289
      ]
    ],
    [
      [
        0.0009219265379665545,
        2.993237644033655
      ],
      [
        -2.1672593070776314,
        1.7133529798279692
      ],
      [
        -0.012333310064894094,
        -0.40998062618149844
      ],
      [
        -0.44598890634460125,
        -1.3110182186488832
      ],
      [
        0.49460432933758725,
        -0.9986229260391344
      ],
      [
        0.9406841490251647,
        -0.5267025293473359
      ],
      [
        1.2750491191981177,
        0.7115293166232016
      ]
    ],
    [
      [
        -0.0005507920520233071,
        2.9946622384018218
      ],
      [
        -2.3371964628587425,
        1.863393588399616
      ],
      [
        0.2613448106793575,
        -0.4660909633463788
      ],
      [
        -0.819770735622416,
        -1.971480821981838
      ],
      [
        0.4996025797289139,
        -1.0182720066186595
      ],
      [
        0.8589337179657685,
        -0.5362243044547169
      ],
      [
        1.6761548193406421,
        1.0994731073117905
      ]
    ],
    [
      [
        -0.0003633288458711871,
        2.9993755209314408
      ],
      [
        -2.3445038652368457,
        1.8691964930292266
      ],
      [
        -2.6151619643982342,
        -0.6573681135814705
      ],
      [
        -1.1651687731088367,
        -2.5327404413177215
      ],
      [
        1.059005698753177,
        -2.323532558543958
      ],
      [
        1.578769980734483,
