{"metadata":{"n_disks":5,"n_waypoints":4,"path_length":29.110002706940584,"fitness":29.110002706940584,"all_pairs_touch":true,"has_path_collisions":false,"path_collision_penalty":0.0,"config":{"population_size":1000,"n_generations":10000,"version":"ultrafast"}},"initial_positions":[[1.8369701987210297E-16,3.0],[-2.8531695488854605,0.9270509831248426],[-1.7633557568774196,-2.427050983124842],[1.7633557568774187,-2.427050983124843],[2.853169548885461,0.9270509831248415]],"waypoints":[[[1.8369701987210297E-16,3.0],[2.121150477449814E-17,0.34641016151377546],[-0.2994796457088665,-0.1745332265120605],[0.30160104064893617,-0.17273923790465254],[2.853169548885461,0.9270509831248415]],[[-3.084317347993539E-7,2.890986356048275],[2.121150477449814E-17,0.34641016151377546],[-0.263805651759309,-0.3814989384985099],[0.33973295988366925,-0.7724364253011596],[0.3029991294494874,-0.17301119961603573]],[[2.121150477449814E-17,0.34641016151377546],[-0.5925600331093089,0.24184338376640677],[-0.1422990808947948,-0.23743139655785037],[0.33668461033697783,-0.7580593901420347],[0.43459912492284847,-0.06737600810767513]],[[2.121150477449814E-17,0.34641016151377546],[-1.4922303783197888,0.5145548487305733],[-1.7633557568774196,-2.427050983124842],[0.22138243745841024,-0.2133678671690063],[2.034563491299986,0.5903493582848613]]],"disk_trajectories":{"0":{"path":[[1.8369701987210297E-16,3.0],[1.8369701987210297E-16,3.0],[-3.084317347993539E-7,2.890986356048275],[2.121150477449814E-17,0.34641016151377546],[2.121150477449814E-17,0.34641016151377546],[1.8369701987210297E-16,3.0]],"distance":5.307179676972904},"1":{"path":[[-2.8531695488854605,0.9270509831248426],[2.121150477449814E-17,0.34641016151377546],[2.121150477449814E-17,0.34641016151377546],[-0.5925600331093089,0.24184338376640677],[-1.4922303783197888,0.5145548487305733],[-2.8531695488854605,0.9270509831248426]],"distance":5.875541796020711},"2":{"path":[[-1.7633557568774196,-2.427050983124842],[-0.2994796457088665,-0.1745332265120605],[-0.263805651759309,-0.3814989384985099],[-0.1422990808947948,-0.23743139655785037],[-1.7633557568774196,-2.427050983124842],[-1.7633557568774196,-2.427050983124842]],"distance":5.809270195301092},"3":{"path":[[1.7633557568774187,-2.427050983124843],[0.30160104064893617,-0.17273923790465254],[0.33973295988366925,-0.7724364253011596],[0.33668461033697783,-0.7580593901420347],[0.22138243745841024,-0.2133678671690063],[1.7633557568774187,-2.427050983124843]],"distance":6.5569114307768395},"4":{"path":[[2.853169548885461,0.9270509831248415],[2.853169548885461,0.9270509831248415],[0.3029991294494874,-0.17301119961603573],[0.43459912492284847,-0.06737600810767513],[2.034563491299986,0.5903493582848613],[2.853169548885461,0.9270509831248415]],"distance":5.561099607869029}}}
