{"metadata":{"n_disks":5,"n_waypoints":5,"path_length":29.072251882608064,"fitness":29.072251882608064,"all_pairs_touch":true,"has_path_collisions":false,"path_collision_penalty":0.0,"config":{"population_size":1000,"n_generations":10000,"version":"ultrafast"}},"initial_positions":[[1.8369701987210297E-16,3.0],[-2.8531695488854605,0.9270509831248426],[-1.7633557568774196,-2.427050983124842],[1.7633557568774187,-2.427050983124843],[2.853169548885461,0.9270509831248415]],"waypoints":[[[1.8391092396547144E-16,2.9999874256616526],[2.1236204291675538E-17,0.34642289810760213],[-0.29949488694667215,-0.17588238876282575],[0.30173765795491714,-0.17458994796423916],[2.3186752183088677,0.6963669157516583]],[[-3.089626035590216E-7,2.9007849002949335],[2.12480137453974E-17,0.3464272680826027],[-0.26124374421520563,-0.3725459805617467],[0.3361324968882864,-0.7720217127752167],[0.3047485926811253,-0.172830177948625]],[[2.1247924815149297E-17,0.3466847053830085],[-0.5941266710935413,0.2509139420444369],[-0.1465975791246187,-0.23727518176233373],[0.32734606494986707,-0.7292392760677386],[0.4345711628734248,-0.07002610633111009]],[[2.1240231443815657E-17,0.3466835804843571],[-0.9507108573963237,0.35763743120058167],[-0.2981973346019039,-0.4426055509662373],[0.30500510295114774,-0.6204573412092302],[0.5449046949006151,-0.024540644208807215]],[[2.121803202654121E-17,0.34647986904343875],[-2.249971618276924,0.7465112003848187],[-1.563613891425807,-2.1565158233893924],[0.22140859031454074,-0.2134114026646739],[2.1042859450334586,0.6183206951124287]]],"disk_trajectories":{"0":{"path":[[1.8369701987210297E-16,3.0],[1.8391092396547144E-16,2.9999874256616526],[-3.089626035590216E-7,2.9007849002949335],[2.1247924815149297E-17,0.3466847053830085],[2.1240231443815657E-17,0.3466835804843571],[2.121803202654121E-17,0.34647986904343875],[1.8369701987210297E-16,3.0]],"distance":5.307040261913622},"1":{"path":[[-2.8531695488854605,0.9270509831248426],[2.1236204291675538E-17,0.34642289810760213],[2.12480137453974E-17,0.3464272680826027],[-0.5941266710935413,0.2509139420444369],[-0.9507108573963237,0.35763743120058167],[-2.249971618276924,0.7465112003848187],[-2.8531695488854605,0.9270509831248426]],"distance":5.871467182858666},"2":{"path":[[-1.7633557568774196,-2.427050983124842],[-0.29949488694667215,-0.17588238876282575],[-0.26124374421520563,-0.3725459805617467],[-0.1465975791246187,-0.23727518176233373],[-0.2981973346019039,-0.4426055509662373],[-1.563613891425807,-2.1565158233893924],[-1.7633557568774196,-2.427050983124842]],"distance":5.784885263442543},"3":{"path":[[1.7633557568774187,-2.427050983124843],[0.30173765795491714,-0.17458994796423916],[0.3361324968882864,-0.7720217127752167],[0.32734606494986707,-0.7292392760677386],[0.30500510295114774,-0.6204573412092302],[0.22140859031454074,-0.2134114026646739],[1.7633557568774187,-2.427050983124843]],"distance":6.551557549128528},"4":{"path":[[2.853169548885461,0.9270509831248415],[2.3186752183088677,0.6963669157516583],[0.3047485926811253,-0.172830177948625],[0.4345711628734248,-0.07002610633111009],[0.5449046949006151,-0.024540644208807215],[2.1042859450334586,0.6183206951124287],[2.853169548885461,0.9270509831248415]],"distance":5.55730162526472}}}
