{
  "metadata": {
    "n_disks": 4,
    "n_waypoints": 6,
    "path_length": 21.59168108424203,
    "fitness": 21.59168108424203,
    "all_pairs_touch": true,
    "has_path_collisions": false,
    "path_collision_penalty": 0.0
  },
  "initial_positions": [
    [
      1.8369701987210297e-16,
      3.0
    ],
    [
      -3.0,
      3.6739403974420594e-16
    ],
    [
      -5.51091059616309e-16,
      -3.0
    ],
    [
      3.0,
      -7.347880794884119e-16
    ]
  ],
  "waypoints": [
    [
      [
        -2.7356511222986768e-08,
        0.34496609108497944
      ],
      [
        -0.5483473069766562,
        -1.5674443404334326e-07
      ],
      [
        1.0121671817353572e-07,
        -0.25711363785460684
      ],
      [
        0.7128349478157039,
        -2.382450115107071e-07
      ]
    ],
    [
      [
        -1.321249243346756e-07,
        0.4290840668376517
      ],
      [
        -0.5011579238288026,
        -2.3148215319568344e-07
      ],
      [
        6.826825665884328e-08,
        -0.4087682396655079
      ],
      [
        0.554744191109902,
        -2.4855084208852407e-07
      ]
    ],
    [
      [
        -7.769395393708578e-08,
        0.5203999043735786
      ],
      [
        -0.301065451533154,
        -2.1409186920506862e-07
      ],
      [
        3.278908544679382e-08,
        -0.5196939936814167
      ],
      [
        0.30101427740645825,
        -2.3596375731127495e-07
      ]
    ],
    [
      [
        -3.2917506442853295e-08,
        0.5332223318973384
      ],
      [
        -1.0944942924893555,
        -2.1459264012979595e-07
      ],
      [
        5.7225035099417454e-08,
        -0.5276683201350594
      ],
      [
        0.3071022717554165,
        -2.265659472810988e-07
      ]
    ],
    [
      [
        -6.60282971631787e-08,
        0.5494246531253655
      ],
      [
        -2.273885365656843,
        -4.058020658392891e-08
      ],
      [
        4.548056931064082e-08,
        -0.5385771130104535
      ],
      [
        0.31527391176236125,
        -2.262329697744203e-07
      ]
    ],
    [
      [
        7.553728953446637e-08,
        2.8769482512289355
      ],
      [
        -2.8375601739430567,
        -5.701482613806874e-08
      ],
      [
        1.6002208541587848e-07,
        -1.7227437262501035
      ],
      [
        2.8937385639536086,
        -7.887837744080528e-08
      ]
    ]
  ],
  "disk_trajectories": {
    "0": {
      "path": [
        [
          1.8369701987210297e-16,
          3.0
        ],
        [
          -2.7356511222986768e-08,
          0.34496609108497944
        ],
        [
          -1.321249243346756e-07,
          0.4290840668376517
        ],
        [
          -7.769395393708578e-08,
          0.5203999043735786
        ],
        [
          -3.2917506442853295e-08,
          0.5332223318973384
        ],
        [
          -6.60282971631787e-08,
          0.5494246531253655
        ],
        [
          7.553728953446637e-08,
          2.8769482512289355
        ],
        [
          1.8369701987210297e-16,
          3.0
        ]
      ],
      "distance": 5.310067817830262
    },
    "1": {
      "path": [
        [
          -3.0,
          3.6739403974420594e-16
        ],
        [
          -0.5483473069766562,
          -1.5674443404334326e-07
        ],
        [
          -0.5011579238288026,
          -2.3148215319568344e-07
        ],
        [
          -0.301065451533154,
          -2.1409186920506862e-07
        ],
        [
          -1.0944942924893555,
          -2.1459264012979595e-07
        ],
        [
          -2.273885365656843,
          -4.058020658392891e-08
        ],
        [
          -2.8375601739430567,
          -5.701482613806874e-08
        ],
        [
          -3.0,
          3.6739403974420594e-16
        ]
      ],
      "distance": 5.39786909693378
    },
    "2": {
      "path": [
        [
          -5.51091059616309e-16,
          -3.0
        ],
        [
          1.0121671817353572e-07,
          -0.25711363785460684
        ],
        [
          6.826825665884328e-08,
          -0.4087682396655079
        ],
        [
          3.278908544679382e-08,
          -0.5196939936814167
        ],
        [
          5.7225035099417454e-08,
          -0.5276683201350594
        ],
        [
          4.548056931064082e-08,
          -0.5385771130104535
        ],
        [
          1.6002208541587848e-07,
          -1.7227437262501035
        ],
        [
          -5.51091059616309e-16,
          -3.0
        ]
      ],
      "distance": 5.485772724290857
    },
    "3": {
      "path": [
        [
          3.0,
          -7.347880794884119e-16
        ],
        [
          0.7128349478157039,
          -2.382450115107071e-07
        ],
        [
          0.554744191109902,
          -2.4855084208852407e-07
        ],
        [
          0.30101427740645825,
          -2.3596375731127495e-07
        ],
        [
          0.3071022717554165,
          -2.265659472810988e-07
        ],
        [
          0.31527391176236125,
          -2.262329697744203e-07
        ],
        [
          2.8937385639536086,
          -7.887837744080528e-08
        ],
        [
          3.0,
          -7.347880794884119e-16
        ]
      ],
      "distance": 5.397971445187136
    }
  }
}