{
  "metadata": {
    "n_disks": 7,
    "n_waypoints": 14,
    "path_length": 40.129549585649194,
    "fitness": 40.129549585649194,
    "all_pairs_touch": true,
    "has_path_collisions": false,
    "path_collision_penalty": 0.0
  },
  "initial_positions": [
    [
      1.8369701987210297e-16,
      3.0
    ],
    [
      -2.3454944474040893,
      1.8704694055762008
    ],
    [
      -2.924783736545471,
      -0.6675628018689428
    ],
    [
      -1.3016512173526749,
      -2.702906603707257
    ],
    [
      1.3016512173526738,
      -2.702906603707258
    ],
    [
      2.9247837365454705,
      -0.6675628018689439
    ],
    [
      2.34549444740409,
      1.8704694055762001
    ]
  ],
  "waypoints": [
    [
      [
        -0.15236319978262272,
        0.17160033414017614
      ],
      [
        -0.6607853922585927,
        0.493213337071398
      ],
      [
        -0.7784205988560228,
        -0.21676697702178774
      ],
      [
        -1.1737013692273173,
        -2.4577666904019813
      ],
      [
        0.8901182474422696,
        -1.9032920268300282
      ],
      [
        2.6308785696571304,
        -0.6149364242813745
      ],
      [
        2.3160650498233313,
        1.8442132618531353
      ]
    ],
    [
      [
        -0.1600924336033074,
        0.010151451302357022
      ],
      [
        -0.6384424522641466,
        0.47525830527902047
      ],
      [
        -0.722276267435396,
        -0.2053662357506633
      ],
      [
        -1.139159280827944,
        -2.3881755444387074
      ],
      [
        0.8223639634522889,
        -1.7705392993084517
      ],
      [
        2.5359512044004813,
        -0.5979092178254687
      ],
      [
        2.2146669558203045,
        1.7538808924077829
      ]
    ],
    [
      [
        0.10256294194008166,
        -0.2436219869095269
      ],
      [
        -0.6250562184112183,
        0.46359471451766177
      ],
      [
        -0.7222756275909665,
        -0.20536660559271983
      ],
      [
        -0.31862414740070605,
        -0.7868404375903474
      ],
      [
        0.3479938876719843,
        -0.8155421199100584
      ],
      [
        2.4580833026149698,
        -0.58278346817982
      ],
      [
        1.9592818980923863,
        1.5281570528436208
      ]
    ],
    [
      [
        0.11438640281782904,
        -0.2552157601956371
      ],
      [
        -0.6145344553656313,
        0.45452881185879784
      ],
      [
        -0.7222763744360032,
        -0.20536603841383297
      ],
      [
        -0.2794524239230266,
        -0.709617187047765
      ],
      [
        0.3458561403153419,
        -0.8110227680383754
      ],
      [
        2.3049682433099177,
        -0.5530371948197741
      ],
      [
        1.1596108469947346,
        0.8161718418264625
      ]
    ],
    [
      [
        0.12050389632039113,
        0.34016697841072513
      ],
      [
        -0.48410404894628783,
        0.3475990440542481
      ],
      [
        -0.722275648442006,
        -0.20536700475906638
      ],
      [
        -0.2636058934834222,
        -0.6789291100607027
      ],
      [
        0.34585913592783424,
        -0.8110294180586832
      ],
      [
        0.37314226222864655,
        -0.206339649929595
      ],
      [
        0.7162807689802336,
        0.4270556768261691
      ]
    ],
    [
      [
        0.0024569803992239986,
        2.2518298765378253
      ],
      [
        -0.3813465368689281,
        0.2928751288385521
      ],
      [
        -0.7222754290135346,
        -0.20536704225665053
      ],
      [
        -0.22264137696386074,
        -0.5945530866787017
      ],
      [
        0.34585882339293517,
        -0.8110307064861866
      ],
      [
        0.36472871119963984,
        -0.20868388517866102
      ],
      [
        0.7162684439027353,
        0.42704175993376126
      ]
    ],
    [
      [
        0.002003954188653592,
        2.4256661690680246
      ],
      [
        -0.15755152548633825,
        0.10009130054543933
      ],
      [
        -0.7222730358147738,
        -0.20536623872990012
      ],
      [
        -0.16841520811960584,
        -0.5018862219545789
      ],
      [
        0.3458602339930387,
        -0.8110331283742441
      ],
      [
        0.3583463678646977,
        -0.2103009915109032
      ],
      [
        0.641104886349564,
        0.38538859514295076
      ]
    ],
    [
      [
        0.000664644526371195,
        2.596244858453559
      ],
      [
        -0.1575411156503003,
        0.10008251795493878
      ],
      [
        -0.7222730592499832,
        -0.20536558595362361
      ],
      [
        -0.36050329130336484,
        -0.6912662930097374
      ],
      [
        0.3458517240543097,
        -0.8110221119338635
      ],
      [
        0.7516140119952427,
        -0.23958231119615708
      ],
      [
        0.6180599157020753,
        0.3725591751860474
      ]
    ],
    [
      [
        -0.0007159510896893212,
        2.738827961451645
      ],
      [
        -0.15753653407055823,
        0.10007661634670592
      ],
      [
        -0.7222713103543708,
        -0.20536590080266517
      ],
      [
        -0.3605120794850303,
        -0.6912748490386965
      ],
      [
        0.16947225743724312,
        -0.4054578403951137
      ],
      [
        0.7516194607588222,
        -0.2395847798187546
      ],
      [
        0.4199517577738324,
        0.26290478019860697
      ]
    ],
    [
      [
        -0.0010014095948020598,
        2.812666621719355
      ],
      [
        -1.6125714905323139,
        1.3535114387435627
      ],
      [
        -0.722258119588262,
        -0.20536026432588725
      ],
      [
        -0.36050962395837577,
        -0.6912736314212846
      ],
      [
        0.2738287645068149,
        -0.6454177009269852
      ],
      [
        0.7516175158068322,
        -0.23958597338039694
      ],
      [
        0.17046017316936274,
        0.0666443703871884
      ]
    ],
    [
      [
        -0.001367219022574501,
        2.878696277081827
      ],
      [
        -1.6682697236533124,
        1.3912699836857123
      ],
      [
        -0.647498174095825,
        -0.16435814374774985
      ],
      [
        -0.36050502005936247,
        -0.6912717646833774
      ],
      [
        0.28860913894432516,
        -0.6774127904657307
      ],
      [
        0.7516167459404384,
        -0.23958822735367424
      ],
      [
        -0.045577313696770295,
        -0.17812438318589835
      ]
    ],
    [
      [
        -0.0009164620830930957,
        2.914805443653265
      ],
      [
        -2.173307478628161,
        1.7496915888484121
      ],
      [
        -0.1734751276153363,
        -0.22520773197429036
      ],
      [
        -0.66510059513387,
        -1.3361638646321368
      ],
      [
        0.35326591422843423,
        -0.801177310004421
      ],
      [
        0.7516130113733194,
        -0.2395858274869902
      ],
      [
        1.0284035607103856,
        0.8669192867785201
      ]
    ],
    [
      [
        -0.0009101575431496012,
        2.92391679436542
      ],
      [
        -2.271679110851362,
        1.8192364824531015
      ],
      [
        0.10756761407037854,
        -0.25882398769757825
      ],
      [
        -0.7380975612045094,
        -1.489469728837011
      ],
      [
        0.35617372947920667,
        -0.8069514937214053
      ],
      [
        0.7095780354094379,
        -0.24969972626382356
      ],
      [
        1.2433204215652034,
        1.029448159608368
      ]
    ],
    [
      [
        -0.0005940958999856186,
        2.955093618604413
      ],
      [
        -2.285182071103701,
        1.828586363217513
      ],
      [
        -2.0459607611895043,
        -0.5518721285778986
      ],
      [
        -1.2493944205891288,
        -2.5914054726216365
      ],
      [
        1.0548954181179198,
        -2.2033706758025318
      ],
      [
        1.5655195950745946,
