{"metadata":{"n_disks":5,"n_waypoints":5,"path_length":27.429529773079736,"fitness":27.429529773079736,"all_pairs_touch":true,"has_path_collisions":false,"path_collision_penalty":0.0},"initial_positions":[[1.8369701987210297E-16,3.0],[-2.8531695488854605,0.9270509831248426],[-1.7633557568774196,-2.427050983124842],[1.7633557568774187,-2.427050983124843],[2.853169548885461,0.9270509831248415]],"waypoints":[[[-0.030928058910894285,2.4353158342873282],[-0.2055015583537544,-0.010808709203012492],[-0.34499860222719375,-0.5965053668255986],[0.23197810411143113,-0.42446502177192874],[1.8640421816836399,0.6090917015826214]],[[-0.06404858946832155,1.830609961347822],[-0.22278584492984987,0.04227153405240988],[-0.34499860222160544,-0.5965053668119173],[0.36538415035073435,-0.4701895192679058],[0.37290312950897553,0.12976236627056031]],[[-0.1401711776498239,0.44081470164025616],[-0.7320764590160054,0.3305961103484154],[-0.15425810088458627,-0.16110020811835668],[0.3653841503676168,-0.4701895192700629],[0.3729031295030016,0.12976236626350998]],[[0.0390568476744684,0.2231768710329391],[-1.4236202250742724,0.5250587382807299],[-0.5113680364804013,-0.6639856301636194],[0.3653841503667982,-0.47018951920378693],[1.3050720297419631,0.42941085731311923]],[[0.14775608094090836,0.09118203639174076],[-2.389179263657039,0.7965759581871518],[-1.1927019896971467,-1.6234495190679292],[0.36538415036096233,-0.47018951917338525],[2.081825244705119,0.6791004255363594]]],"disk_trajectories":{"0":{"path":[[1.8369701987210297E-16,3.0],[-0.030928058910894285,2.4353158342873282],[-0.06404858946832155,1.830609961347822],[-0.1401711776498239,0.44081470164025616],[0.0390568476744684,0.2231768710329391],[0.14775608094090836,0.09118203639174076],[1.8369701987210297E-16,3.0]],"distance":5.928518858557957},"1":{"path":[[-2.8531695488854605,0.9270509831248426],[-0.2055015583537544,-0.010808709203012492],[-0.22278584492984987,0.04227153405240988],[-0.7320764590160054,0.3305961103484154],[-1.4236202250742724,0.5250587382807299],[-2.389179263657039,0.7965759581871518],[-2.8531695488854605,0.9270509831248426]],"distance":5.653290773888231},"2":{"path":[[-1.7633557568774196,-2.427050983124842],[-0.34499860222719375,-0.5965053668255986],[-0.34499860222160544,-0.5965053668119173],[-0.15425810088458627,-0.16110020811835668],[-0.5113680364804013,-0.6639856301636194],[-1.1927019896971467,-1.6234495190679292],[-1.7633557568774196,-2.427050983124842]],"distance":5.570247915140036},"3":{"path":[[1.7633557568774187,-2.427050983124843],[0.23197810411143113,-0.42446502177192874],[0.36538415035073435,-0.4701895192679058],[0.3653841503676168,-0.4701895192700629],[0.3653841503667982,-0.47018951920378693],[0.36538415036096233,-0.47018951917338525],[1.7633557568774187,-2.427050983124843]],"distance":5.066948010138203},"4":{"path":[[2.853169548885461,0.9270509831248415],[1.8640421816836399,0.6090917015826214],[0.37290312950897553,0.12976236627056031],[0.3729031295030016,0.12976236626350998],[1.3050720297419631,0.42941085731311923],[2.081825244705119,0.6791004255363594],[2.853169548885461,0.9270509831248415]],"distance":5.210524215355303}}}
