{
  "metadata": {
    "n_disks": 8,
    "disk_radius": 0.3,
    "polygon_radius": 3.0,
    "n_waypoints": 10,
    "n_generations": 1000,
    "fitness": 2249.7639492585404,
    "path_length": 623.788344840501,
    "collision_penalty": 0.34699634046145894,
    "touch_penalty": 12.789792639565803,
    "n_missing_touches": 23,
    "has_collision": true,
    "all_pairs_touch": false
  },
  "initial_positions": [
    [
      1.8369701987210297e-16,
      3.0
    ],
    [
      2.121320343559643,
      2.1213203435596424
    ],
    [
      3.0,
      0.0
    ],
    [
      2.121320343559643,
      -2.1213203435596424
    ],
    [
      1.8369701987210297e-16,
      -3.0
    ],
    [
      -2.1213203435596424,
      -2.121320343559643
    ],
    [
      -3.0,
      -3.6739403974420594e-16
    ],
    [
      -2.121320343559643,
      2.1213203435596424
    ]
  ],
  "waypoints": [
    [
      [
        -3.5643851069098265,
        5.068158390658956
      ],
      [
        7.142443471355381,
        5.143341515448778
      ],
      [
        0.799746844789841,
        1.4294710131736061
      ],
      [
        -9.580029708522822,
        -3.845351238499471
      ],
      [
        6.258954978855304,
        -8.258528256452744
      ],
      [
        -0.5408281561439251,
        -1.5834034328495359
      ],
      [
        -3.6687118477350884,
        -3.7754678173150964
      ],
      [
        -4.969644356726813,
        -0.8947681215958707
      ]
    ],
    [
      [
        7.184181595130987,
        -4.868421612768654
      ],
      [
        -5.066112012429565,
        -1.9723372039320632
      ],
      [
        0.8801413970177354,
        5.918563082003141
      ],
      [
        0.8588650324418052,
        -3.4762767046620247
      ],
      [
        2.289848225107818,
        -1.7051064260482498
      ],
      [
        -1.529150395862188,
        -6.685303595319274
      ],
      [
        -9.424383077559066,
        2.800960564934125
      ],
      [
        -2.0526267822420268,
        0.4736102868112315
      ]
    ],
    [
      [
        -1.4156194126795132,
        -1.4528466009625407
      ],
      [
        1.8704809778795701,
        7.011660862062738
      ],
      [
        -0.15060189269750568,
        1.5002287639855567
      ],
      [
        1.6590891872343354,
        -1.0909708365303086
      ],
      [
        -4.348011251265277,
        -2.6020557986630966
      ],
      [
        -4.929293928808543,
        2.436308961052755
      ],
      [
        0.7554697370503037,
        -4.077007328972729
      ],
      [
        1.1608541576878613,
        11.562869141050111
      ]
    ],
    [
      [
        1.5321013245881703,
        7.064705181118558
      ],
      [
        1.8339652918916323,
        3.1757678657046373
      ],
      [
        -5.21796999374081,
        -6.2252437515743955
      ],
      [
        4.905982816601421,
        -5.086687035808836
      ],
      [
        -7.010850589764047,
        1.3652368028375679
      ],
      [
        1.5819822011553812,
        -2.6799761368497195
      ],
      [
        0.07581316994049248,
        -2.565831330988935
      ],
      [
        8.386535176519601,
        6.486279158694259
      ]
    ],
    [
      [
        2.8782806617858374,
        11.391400571675325
      ],
      [
        -4.347025577245051,
        -0.046720651870044025
      ],
      [
        -0.32732201494266655,
        -2.973542848251077
      ],
      [
        5.035487771629649,
        2.8509813064231357
      ],
      [
        3.1041206852465333,
        -9.840907771537779
      ],
      [
        6.34015551422848,
        7.293464602948622
      ],
      [
        0.46800225558547925,
        1.715351332177927
      ],
      [
        -0.20802609526353086,
        2.674666697565862
      ]
    ],
    [
      [
        -1.7490470907698747,
        0.1643082815505938
      ],
      [
        5.093565861588602,
        6.740100012506813
      ],
      [
        4.017539280085864,
        -2.4455188783333535
      ],
      [
        -0.8894127881315201,
        -2.1508518208029366
      ],
      [
        -1.1054856759324414,
        1.7772697681342937
      ],
      [
        8.016127915829937,
        0.6344475859068543
      ],
      [
        0.41391118398278715,
        1.0581763710807444
      ],
      [
        -4.591021055380283,
        2.8305455486526676
      ]
    ],
    [
      [
        4.827459348856803,
        3.9165179470497815
      ],
      [
        3.68547395714332,
        3.660952953076105
      ],
      [
        0.4696244047472733,
        -7.96507347606945
      ],
      [
        1.4281759265565388,
        1.770715330070316
      ],
      [
        -3.7425044110714114,
        -5.165525532489564
      ],
      [
        -3.369080939838422,
        7.0950831264780545
      ],
      [
        2.8682713620433518,
        -1.5315156727624344
      ],
      [
        1.3326825323760425,
        5.152388096659077
      ]
    ],
    [
      [
        6.860058651960415,
        1.4162520766109439
      ],
      [
        7.0972141918322125,
        2.8534150287955153
      ],
      [
        0.307275552007245,
        -3.316766267577472
      ],
      [
        -3.7937933644416266,
        6.790280134876118
      ],
      [
        -2.9499748599466415,
        2.1412753708053716
      ],
      [
        -0.8782556192821884,
        7.2164016850007355
      ],
      [
        -9.893570613068583,
        4.622337269998468
      ],
      [
        -1.245755739355255,
        -3.6877122463704524
      ]
    ],
    [
      [
        8.406462307212617,
        -0.2709703758364597
      ],
      [
        -3.412436451970197,
        -1.9272615407808935
      ],
      [
        -8.80606051836361,
        1.367452383545703
      ],
      [
        -2.5211836959319838,
        0.17042260476349425
      ],
      [
        0.02305716653305362,
        -0.8248730791130461
      ],
      [
        1.0930299932213177,
        3.2794718061137065
      ],
      [
        -4.122884699277998,
        -3.7195537166902772
      ],
      [
        1.581074703300775,
        9.806350418475608
      ]
    ],
    [
      [
        -7.376381086955373,
        -2.743574450742683
      ],
      [
        0.6943627537397483,
        5.011129549402526
      ],
      [
        -2.8551892374138257,
        -0.4476404335486789
      ],
      [
        5.006403548820089,
        -2.424760375916253
      ],
      [
        4.7060815658511235,
        -6.468510365936422
      ],
      [
        -2.0593181372933227,
        0.29844353914514676
      ],
      [
        -5.308894878283459,
        -5.332933190098879
      ],
      [
        1.5460481175924994,
        12.617734657985688
      ]
    ]
  ],