{
  "metadata": {
    "n_disks": 5,
    "disk_radius": 0.3,
    "polygon_radius": 3.0,
    "n_waypoints": 5,
    "n_generations": 50,
    "fitness": 628.142969821952,
    "path_length": 175.73272854232988,
    "collision_penalty": 0.08559639814072717,
    "touch_penalty": 3.6681384313889485,
    "n_missing_touches": 8,
    "has_collision": true,
    "all_pairs_touch": false
  },
  "initial_positions": [
    [
      1.8369701987210297e-16,
      3.0
    ],
    [
      2.8531695488854605,
      0.9270509831248421
    ],
    [
      1.7633557568774194,
      -2.4270509831248424
    ],
    [
      -1.7633557568774192,
      -2.4270509831248424
    ],
    [
      -2.853169548885461,
      0.9270509831248419
    ]
  ],
  "waypoints": [
    [
      [
        -4.767991996196079,
        5.118407217981195
      ],
      [
        1.7177702053841362,
        0.06020768236457563
      ],
      [
        1.1398043484643612,
        -1.0920791405801817
      ],
      [
        -6.615336638652065,
        -3.642204998487144
      ],
      [
        -1.7983251703677414,
        0.34914608041041717
      ]
    ],
    [
      [
        5.054893085896425,
        1.355443937664323
      ],
      [
        6.445046692658955,
        -0.32324885539835924
      ],
      [
        -1.6765975822307808,
        1.3561645763684291
      ],
      [
        2.0072563929349885,
        -7.850598288505223
      ],
      [
        -3.9212088414999346,
        -2.593258006694928
      ]
    ],
    [
      [
        9.83716473853141,
        -4.273594587751491
      ],
      [
        4.940459878755272,
        4.61700100514727
      ],
      [
        0.4793156557564451,
        -3.1330281647274196
      ],
      [
        -4.063754611911472,
        1.3072298363610955
      ],
      [
        1.55725072882624,
        -4.57667717290286
      ]
    ],
    [
      [
        -2.760026161100865,
        0.6193816179472549
      ],
      [
        -4.553437045947247,
        1.326578569660213
      ],
      [
        -0.8329165484816775,
        -0.3016469905581416
      ],
      [
        0.042601942351668365,
        1.6521574633984701
      ],
      [
        -1.9240613661702104,
        5.151094540447615
      ]
    ],
    [
      [
        -5.036720925821747,
        -1.1609430853165497
      ],
      [
        6.613905414444314,
        1.7426298819266488
      ],
      [
        -1.4139377073083939,
        -2.838099287190746
      ],
      [
        -1.4783140713803367,
        0.00896995092972519
      ],
      [
        -4.794720302030442,
        -6.030843249773407
      ]
    ]
  ],
  "trajectory": [
    [
      [
        1.8369701987210297e-16,
        3.0
      ],
      [
        2.8531695488854605,
        0.9270509831248421
      ],
      [
        1.7633557568774194,
        -2.4270509831248424
      ],
      [
        -1.7633557568774192,
        -2.4270509831248424
      ],
      [
        -2.853169548885461,
        0.9270509831248419
      ]
    ],
    [
      [
        -4.767991996196079,
        5.118407217981195
      ],
      [
        1.7177702053841362,
        0.06020768236457563
      ],
      [
        1.1398043484643612,
        -1.0920791405801817
      ],
      [
        -6.615336638652065,
        -3.642204998487144
      ],
      [
        -1.7983251703677414,
        0.34914608041041717
      ]
    ],
    [
      [
        5.054893085896425,
        1.355443937664323
      ],
      [
        6.445046692658955,
        -0.32324885539835924
      ],
      [
        -1.6765975822307808,
        1.3561645763684291
      ],
      [
        2.0072563929349885,
        -7.850598288505223
      ],
      [
        -3.9212088414999346,
        -2.593258006694928
      ]
    ],
    [
      [
        9.83716473853141,
        -4.273594587751491
      ],
      [
        4.940459878755272,
        4.61700100514727
      ],
      [
        0.4793156557564451,
        -3.1330281647274196
      ],
      [
        -4.063754611911472,
        1.3072298363610955
      ],
      [
        1.55725072882624,
        -4.57667717290286
      ]
    ],
    [
      [
        -2.760026161100865,
        0.6193816179472549
      ],
      [
        -4.553437045947247,
        1.326578569660213
      ],
      [
        -0.8329165484816775,
        -0.3016469905581416
      ],
      [
        0.042601942351668365,
        1.6521574633984701
      ],
      [
        -1.9240613661702104,
        5.151094540447615
      ]
    ],
    [
      [
        -5.036720925821747,
        -1.1609430853165497
      ],
      [
        6.613905414444314,
        1.7426298819266488
      ],
      [
        -1.4139377073083939,
        -2.838099287190746
      ],
      [
        -1.4783140713803367,
        0.00896995092972519
      ],
      [
        -4.794720302030442,
        -6.030843249773407
      ]
    ],
    [
      [
        1.8369701987210297e-16,
        3.0
      ],
      [
        2.8531695488854605,
        0.9270509831248421
      ],
      [
        1.7633557568774194,
        -2.4270509831248424
      ],
      [
        -1.7633557568774192,
        -2.4270509831248424
      ],
      [
        -2.853169548885461,
        0.9270509831248419
      ]
    ]
  ]
}