person,idx,start_year,days,h_per_day,event,outcome_known,source_url,confidence,notes,ptype
ingram_daniel,1,1994.58,9,8.0,0,1,https://www.dharmaoverground.org/discussion/-/message_boards/view_message/3865611,medium,"9-day vipassana retreat at IMS with Christopher Titmuss/Sharda Rogell/Jose Reisig; crossed A&P here; no formal practice before this except ~6 spontaneous A&Ps in daily life; h_per_day inferred from IMS retreat schedule calibration (~8) not stated; CROSS-CHECK from the Chowdhury/van Lutterveld/Sacchet EEG papers (https://meditation.mgh.harvard.edu/wp-content/uploads/2024/02/Chowdhury_23_Neuropsychologia.pdf): the 37-cessation single-subject is this same person, reported at age 51 with 26 yr practice, a STATED 23110 lifetime hours of which >6000 on retreat, and 'approximately one year of retreat at 14 h/day' aggregated across his career; 69 graded cessations acquired and 37 grade-A analysed across 29 EEG runs Nov 2019-Mar 2020. The 23110 figure is NOT reproducible from its own stated components (26yr x 1h/day + 365 x 14h ~ 14600h). He is the ONLY person in this dataset whose cessations are instrumentally confirmed rather than self-reported",insight
ingram_daniel,2,1994.62,150,1.0,0,1,https://www.dharmaoverground.org/discussion/-/message_boards/view_message/3865611,high,his own words: 'tried to sit an hour or so each day after that'; ch48 confirms 'I tried to sit for an hour every day and managed to do that most of the time'; India/Calcutta Rescue volunteering period; days estimated Aug 1994 to Jan 1995,unknown
ingram_daniel,3,1995.04,17,15.0,0,1,https://www.mctb.org/mctb2/table-of-contents/part-vi-my-spiritual-quest/48-the-first-bodh-gaya-retreat/,low,17-day course at Thai Monastery Bodh Gaya with Titmuss/Rogell/Barzaghi/Feldman/von Allmen; h_per_day GUESSED as same format as the later 27-day retreat at same venue where he states ~15 h/day; not stated for this retreat; 'no particularly interesting insights',monastic
ingram_daniel,4,1995.09,150,0.5,0,1,https://www.dharmaoverground.org/discussion/-/message_boards/view_message/3865611,high,his own words: 'sat about 30 minutes each day after that'; dark night period; days estimated Jan 1995 to summer 1995,unknown
ingram_daniel,5,1995.55,14,18.0,0,1,https://www.mctb.org/mctb2/table-of-contents/part-vi-my-spiritual-quest/49-the-first-mbmc-retreat/,low,third retreat; 14 days at Malaysian Buddhist Meditation Centre with Sayadaw U Rajinda; Mahasi noting; states 'sitting for two to three hours at a time' and 'barely sleeping two hours a night'; h_per_day INFERRED from 2h sleep + Mahasi alternating sit/walk all waking hours; came very close to SE but 'couldn't land it'; OFF-DIAGONAL short-and-brutal,monastic
ingram_daniel,6,1995.60,145,1.5,0,1,https://www.dharmaoverground.org/discussion/-/message_boards/view_message/3865611,high,his own words: 'sat at least 1-2 hours each day after that'; midpoint 1.5 used; days estimated summer 1995 to Jan 1996,unknown
ingram_daniel,7,1996.02,6,15.0,1,1,https://www.mctb.org/mctb2/table-of-contents/part-vi-my-spiritual-quest/51-the-second-bodh-gaya-retreat/,medium,STREAM ENTRY 13 Jan 1996 on day 6 of a 27-day retreat at Thai Monastery Bodh Gaya with Titmuss et al; days=6 = exposure to event NOT container length (container 27d); h_per_day 15 is his own stated figure ('a retreat with about 15 hours/day of practice'); sitting/walking in 45-min blocks; rows terminate at first path,monastic
dho_fitter_stoke,1,2011.90,56,0.75,0,1,https://web.archive.org/web/20191021200224/https://www.dharmaoverground.org/discussion/-/message_boards/view_message/3865611,low,"8-week MBSR course; h_per_day inferred from standard MBSR 45-min daily home practice, not stated; years estimated from DhO join date 2012-01 and Jan 2013 post; taught by Beth Resnick-Folk with Kenneth Folk feedback",daily
dho_fitter_stoke,2,2012.05,100,2.0,1,1,https://web.archive.org/web/20191021200224/https://www.dharmaoverground.org/discussion/-/message_boards/view_message/3865611,medium,'only been meditating regularly for five months'; choiceless noting at >=1/sec; 'About two hours/day of formal practice'; retreat experience: NONE; OFF-DIAGONAL low-dose daily-only attainer; year estimated,daily
dho_gabriel_hill,1,2010.60,540,0.75,0,1,https://web.archive.org/web/20191021200224/https://www.dharmaoverground.org/discussion/-/message_boards/view_message/3865611,medium,"'Roughly a year and a half of Mahasi-style noting almost every single day, for roughly 30 minutes to an hour a day'; midpoint 0.75; plus occasional samatha; years estimated from DhO join 2010-05 and Jan 2013 post",mahasi
dho_gabriel_hill,2,2011.10,5,,0,1,https://web.archive.org/web/20191021200224/https://www.dharmaoverground.org/discussion/-/message_boards/view_message/3865611,low,'One five day retreat the first year of practice'; centre/tradition described only as 'Mushroom Culture institutions'; schedule not stated so h_per_day BLANK; year estimated,unknown
dho_gabriel_hill,3,2012.10,8,,0,1,https://web.archive.org/web/20191021200224/https://www.dharmaoverground.org/discussion/-/message_boards/view_message/3865611,low,'an eight day retreat the next year'; schedule not stated so h_per_day BLANK; year estimated,unknown
dho_gabriel_hill,4,2012.50,21,0.0,1,1,https://web.archive.org/web/20191021200224/https://www.dharmaoverground.org/discussion/-/message_boards/view_message/3865611,medium,"STREAM ENTRY; 'I actually, and quite intentionally, stopped sitting meditation for a few weeks before Stream Entry hit me'; zero formal sitting hours in this final period, but 'relentless Self-Inquiry almost every minute of the day' - formal on-cushion h_per_day is genuinely 0.0 here which is load-bearing for a formal-hours dose model; year estimated",unknown
dho_steph_s,1,2012.60,90,1.4,1,1,https://web.archive.org/web/20191021200224/https://www.dharmaoverground.org/discussion/-/message_boards/view_message/3865611,medium,"started from scratch with MCTB; 'Took about 3 months'; straight Mahasi; 'Weekdays an hour, sometimes upping it to 2-4 hours split throughout the day on weekends'; 1.4 = weighted mean of 1h x5 + 3h x2 per week; retreats NONE; OFF-DIAGONAL fast low-dose daily-only attainer; year estimated from DhO join 2010-03 and Jan 2013 post",mahasi
dho_some_guy,1,1996.00,5475,,0,1,https://web.archive.org/web/20191021200224/https://www.dharmaoverground.org/discussion/-/message_boards/view_message/3865611,low,'Sporadic at best for 15 years'; h_per_day BLANK - 'sporadic' is not quantifiable; years crudely estimated backward 15y from the 9-month MCTB era,unknown
dho_some_guy,2,2000.00,10,10.5,0,1,https://web.archive.org/web/20191021200224/https://www.dharmaoverground.org/discussion/-/message_boards/view_message/3865611,low,first of '2 Goenka courses many years prior'; h_per_day from Goenka 10-day calibration ~10.5; year GUESSED - only 'many years prior' is stated,goenka
dho_some_guy,3,2002.00,10,10.5,0,1,https://web.archive.org/web/20191021200224/https://www.dharmaoverground.org/discussion/-/message_boards/view_message/3865611,low,second Goenka 10-day course; h_per_day from Goenka calibration; year GUESSED,goenka
dho_some_guy,4,2012.10,270,2.0,1,1,https://web.archive.org/web/20191021200224/https://www.dharmaoverground.org/discussion/-/message_boards/view_message/3865611,medium,"'9 months of MCTB-style practice'; choiceless noting; 'On average, 2. Whenever I could take a whole day I would sit 7-9 hours. I did that maybe 5 times on the way to SE'; dry vipassana; got stuck in mild A&P for months then 'hit SE in 2 months' after resuming noting; h_per_day 2.0 is his stated average and already nets out the ~5 whole-day sits; year estimated from DhO join 2011-08",unknown
dho_florian,1,2010.00,100,2.0,1,1,https://web.archive.org/web/20191021200224/https://www.dharmaoverground.org/discussion/-/message_boards/view_message/3865611,medium,"final pre-SE push; used a 10x10 grid of 100 days to tick off each day, hence days=100 (this is a rare self-documented period length); 'About two hours sitting, and noting whenever I was walking anywhere'; plus micro-practice on typing breaks, mindful eating/showering, lunchtime walking meditation; coached by Tarin; earlier long era of cycling up to equanimity and sliding back is NOT recorded as a row because neither its length nor its intensity is stated; also did 'a couple of self-led, 1-day home retreats' (1h sit / 1h walk alternating) not recorded separately; year estimated from DhO join 2009-04",home_ret
dho_jane_carrington,1,2010.96,120,,0,1,https://web.archive.org/web/20191021200224/https://www.dharmaoverground.org/discussion/-/message_boards/view_message/3865611,medium,read MCTB Dec 2010 and 'cast about for an approach for several months'; intensity of this searching period not stated so h_per_day BLANK; prior background: some centering prayer in the 'deep past',unknown
dho_jane_carrington,2,2011.30,75,1.75,0,1,https://web.archive.org/web/20191021200224/https://www.dharmaoverground.org/discussion/-/message_boards/view_message/3865611,medium,"spring 2011 began anapanasati, accessed jhana, switched to noting late May 2011; h_per_day 1.75 = midpoint of her stated 'about an hour and a half to two hours' (she gives this for the pre-SE period generally, so it is carried across her daily-practice rows)",daily
dho_jane_carrington,3,2011.37,3,,0,1,https://web.archive.org/web/20191021200224/https://www.dharmaoverground.org/discussion/-/message_boards/view_message/3865611,medium,'a 3-day retreat in May' 2011; centre and schedule not stated so h_per_day BLANK,unknown
dho_jane_carrington,4,2011.40,80,1.75,0,1,https://web.archive.org/web/20191021200224/https://www.dharmaoverground.org/discussion/-/message_boards/view_message/3865611,medium,noting era; reached Low Equanimity by end of August 2011; h_per_day carried from her stated 1.5-2h,unknown
dho_jane_carrington,5,2011.62,8,,0,1,https://web.archive.org/web/20191021200224/https://www.dharmaoverground.org/discussion/-/message_boards/view_message/3865611,medium,'an 8-day retreat in August' 2011; centre and schedule not stated so h_per_day BLANK,unknown
dho_jane_carrington,6,2011.65,120,1.75,0,1,https://web.archive.org/web/20191021200224/https://www.dharmaoverground.org/discussion/-/message_boards/view_message/3865611,medium,"slacked off in September (new courses to teach, chairing a committee), dukkha nanas returned, back to Equanimity by late November 2011; h_per_day carried and therefore probably OVERSTATED for the Sept-Oct slack part",unknown
dho_jane_carrington,7,2011.98,4,,0,1,https://web.archive.org/web/20191021200224/https://www.dharmaoverground.org/discussion/-/message_boards/view_message/3865611,medium,'a 4-day retreat in late December' 2011; schedule not stated so h_per_day BLANK,unknown
dho_jane_carrington,8,2012.00,15,1.75,1,1,https://web.archive.org/web/20191021200224/https://www.dharmaoverground.org/discussion/-/message_boards/view_message/3865611,medium,"STREAM ENTRY 'mid-January' 2012; days=15 = exposure to mid-Jan; had minor surgery ~2 weeks before which forced a several-day break she credits as an opportunity to regroup; open awareness at high equanimity; skyped with Kenneth Folk, Beth Resnick-Folk and Ron Crouch; she reports 2nd path and 3rd path (New Year's Eve 2012) afterwards; rows terminate at first path; this person is the best-dated case in the whole dataset",unknown
dho_ona_kiser,1,2011.00,365,0.5,0,1,https://web.archive.org/web/20191021200224/https://www.dharmaoverground.org/discussion/-/message_boards/view_message/3865611,low,"'started sitting using simple watching the breath approximately a year earlier, to cope with anxiety'; h_per_day GUESSED at 0.5 for a beginner anxiety-driven breath practice - NOT stated; also had six years of intensive religious practice (surrender/devotion/trance/prayer) a decade earlier which she believes produced A&P and dark night cycles - that earlier block is not recorded as rows because no dose figures exist for it; years estimated from DhO join 2010-01",unknown
dho_ona_kiser,2,2012.00,30,2.25,1,1,https://web.archive.org/web/20191021200224/https://www.dharmaoverground.org/discussion/-/message_boards/view_message/3865611,low,"STREAM ENTRY; 'my sitting had increased to 30 minutes every few hours all day (I was working from home, would take a break from work every 3 hours or so to sit again)'; h_per_day 2.25 INFERRED as ~4-5 sits x 30 min - she gives no total; switched to Shinzen Young noting a few weeks before; retreats: NONE ever, 'To this day I have been on fairly few retreats and all of them very lightweight'; OFF-DIAGONAL high-volume-daily-only attainer; period length guessed",daily
dho_aduro_t,1,2007.00,1825,,0,1,https://web.archive.org/web/20191021200224/https://www.dharmaoverground.org/discussion/-/message_boards/view_message/3865611,low,Shaolin Ch'an plus Tai Chi and qigong; a cessation during a car wreck ~2007 followed by five years of dark night; dose not quantifiable so h_per_day BLANK; years estimated from 'Six years ago' in a Jan 2013 post,unknown
dho_aduro_t,2,2012.00,60,8.0,1,1,https://web.archive.org/web/20191021200224/https://www.dharmaoverground.org/discussion/-/message_boards/view_message/3865611,low,"FLAGGED UNRELIABLE - see report. 'Hard to say, shortly before it occured I think it was quite a bit though. I would make that a major priority. 8 hours a day maybe?' - the 8.0 is his own hedged guess, not an observation; also says 'It's a bit hazy, but some of this was done before and some after entering the stream', i.e. he cannot order his own chronology; locates the cessation in a car crash; no retreats; period length GUESSED",unknown
dho_shashank_dixit,1,2011.00,365,,1,1,https://web.archive.org/web/20191021200224/https://www.dharmaoverground.org/discussion/-/message_boards/view_message/3865611,low,"STREAM ENTRY; jhana practice first, then Mahasi noting to get out of dark night; answered 'How many hours were you practicing a day' with 'non-stop' and 'throughout the day non-stop Mahasi style noting' - NO formal-hours figure is derivable so h_per_day is BLANK rather than invented; no retreats; 'SE happened pretty fast'; period length and year estimated from DhO join 2010-09",mahasi
dho_russell,1,2011.80,200,0.6,0,1,https://web.archive.org/web/20191021200224/https://www.dharmaoverground.org/discussion/-/message_boards/view_message/3865611,medium,"no religious/spiritual background; started shamatha alone from books; 'crossed the A&P within 6-7 months'; 'More like 30-45 minutes a day, every day up until Equanimity' so 0.6 = midpoint; years estimated from DhO join 2011-10",unknown
dho_russell,2,2012.40,90,2.0,1,1,https://web.archive.org/web/20191021200224/https://www.dharmaoverground.org/discussion/-/message_boards/view_message/3865611,medium,STREAM ENTRY; KFD-style noting with a teacher; 'then I increased to sometimes up to 2 hours a day'; 2.0 is the stated upper bound so probably OVERSTATES the mean; retreats: NONE; period length and year estimated,unknown
dho_eric_g,1,2008.00,1000,,0,1,https://web.archive.org/web/20191021200224/https://www.dharmaoverground.org/discussion/-/message_boards/view_message/3865611,low,'several hundred hours of mantra (Yogananda); breath counting and Zen/open awareness' before encountering pragmatic dharma; total is stated in lifetime hours not h_per_day so h_per_day BLANK; days crudely estimated; his Zen roshi 'did not tell me jack sh*t' (mushroom culture),zen_daily
dho_eric_g,2,2011.00,36,1.0,0,1,https://web.archive.org/web/20191021200224/https://www.dharmaoverground.org/discussion/-/message_boards/view_message/3865611,high,"start of the noting era he dates precisely: 'One hour a day. Once I got onto noting practice, it took 18 months' (says '17 months' elsewhere); Mahasi/Folk-style noting ~1/sec; 99% vipassana; I split the 18 months into three daily-practice rows around his two week-long retreats so nothing double-counts; year estimated from DhO join 2010-05",mahasi
dho_eric_g,3,2011.10,7,,0,1,https://web.archive.org/web/20191021200224/https://www.dharmaoverground.org/discussion/-/message_boards/view_message/3865611,low,first of '2 week long retreats'; this one produced A&P; schedule not stated so h_per_day BLANK; year estimated,unknown
dho_eric_g,4,2011.13,170,1.0,0,1,https://web.archive.org/web/20191021200224/https://www.dharmaoverground.org/discussion/-/message_boards/view_message/3865611,high,noting era continues at 1 h/day; year estimated,unknown
dho_eric_g,5,2011.60,7,,0,1,https://web.archive.org/web/20191021200224/https://www.dharmaoverground.org/discussion/-/message_boards/view_message/3865611,low,second week-long retreat; 'I'm pretty sure the second one got me to equanimity'; then backslid because he did not know what was possible; also ~10 half-day retreats across this era not recorded as separate rows; schedule not stated so h_per_day BLANK,unknown
dho_eric_g,6,2011.62,325,1.0,1,1,https://web.archive.org/web/20191021200224/https://www.dharmaoverground.org/discussion/-/message_boards/view_message/3865611,high,"STREAM ENTRY at the end of the stated 18 months of 1 h/day noting; OFF-DIAGONAL clean low-dose daily-practice attainer with a duration the subject states himself; biggest stumbling block was doubt: 'Doing this practice for 17 months, without anything concrete to show for it'",daily
dho_beoman,1,2010.60,120,0.33,0,1,https://web.archive.org/web/20191021200224/https://www.dharmaoverground.org/discussion/-/message_boards/view_message/3865611,medium,'20 minutes of zazen a day-ish for a few months up to reading MCTB'; year estimated from DhO join 2010-10,zen_daily
dho_beoman,2,2010.90,60,0.5,0,1,https://web.archive.org/web/20191021200224/https://www.dharmaoverground.org/discussion/-/message_boards/view_message/3865611,medium,switched to 'noting 30 mins a day-ish'; noting drove experience into dark night then equanimity,unknown
dho_beoman,3,2010.90,4,6.0,0,1,https://web.archive.org/web/20191021200224/https://www.dharmaoverground.org/discussion/-/message_boards/view_message/3865611,low,"Thanksgiving vacation self-retreat: '6 hours plane ride there and back spent meditating, a few hours in between meditating instead of watching movies with my family'; reached equanimity here; h_per_day 6.0 INFERRED from those fragments over ~4 days; a nice example of a very short improvised high-dose block",unknown
dho_beoman,4,2010.92,7,1.0,1,1,https://web.archive.org/web/20191021200224/https://www.dharmaoverground.org/discussion/-/message_boards/view_message/3865611,medium,STREAM ENTRY; 'then a hour or more a day for a few days after I got back as it was fascinating at the time'; no-self-door fruition while noticing awareness panoramically; retreats: NONE; FLAGGED - he later says the whole thing was 'ultimately a waste of time' and advises 'Don't do it!'; he moved to Actualism; the claim itself is not retracted but his framing is adversarial and a 2018 DhO reply notes he was 'heavily into Actualism and down on the Dharma when he wrote that'; also his first A&P route was unusual; period length estimated,unknown
kfd_831daniel,1,2004.00,10,10.5,0,1,https://awakenetwork.org/forum/kfd-archive-wetpaint/12983-stream-entry-poll,low,NON-ATTAINER. First of 'seven 10-day retreats'; retreat organisation NOT STATED so h_per_day 10.5 is a Goenka-style GUESS; year GUESSED - the only chronological anchor he gives is crossing from Dark Night to Equanimity 'sometime around Sept 2009',goenka
kfd_831daniel,2,2005.00,10,10.5,0,1,https://awakenetwork.org/forum/kfd-archive-wetpaint/12983-stream-entry-poll,low,NON-ATTAINER. 10-day retreat 2 of 7; h_per_day and year GUESSED as above,unknown
kfd_831daniel,3,2006.00,10,10.5,0,1,https://awakenetwork.org/forum/kfd-archive-wetpaint/12983-stream-entry-poll,low,NON-ATTAINER. 10-day retreat 3 of 7; h_per_day and year GUESSED as above,unknown
kfd_831daniel,4,2007.00,10,10.5,0,1,https://awakenetwork.org/forum/kfd-archive-wetpaint/12983-stream-entry-poll,low,NON-ATTAINER. 10-day retreat 4 of 7; h_per_day and year GUESSED as above,unknown
kfd_831daniel,5,2008.00,10,10.5,0,1,https://awakenetwork.org/forum/kfd-archive-wetpaint/12983-stream-entry-poll,low,NON-ATTAINER. 10-day retreat 5 of 7; h_per_day and year GUESSED as above,unknown
kfd_831daniel,6,2008.50,20,10.5,0,1,https://awakenetwork.org/forum/kfd-archive-wetpaint/12983-stream-entry-poll,low,NON-ATTAINER. the 20-day retreat; h_per_day and year GUESSED as above,unknown
kfd_831daniel,7,2009.20,40,10.5,0,1,https://awakenetwork.org/forum/kfd-archive-wetpaint/12983-stream-entry-poll,low,NON-ATTAINER. the 40-day retreat; placed just before his Sept 2009 Dark-Night-to-Equanimity crossing which is his only date; h_per_day GUESSED; this single retreat is ~420 formal hours with no path moment,unknown
kfd_831daniel,8,2010.00,10,10.5,0,1,https://awakenetwork.org/forum/kfd-archive-wetpaint/12983-stream-entry-poll,low,NON-ATTAINER. 10-day retreat 6 of 7; h_per_day and year GUESSED as above,unknown
kfd_831daniel,9,2011.00,10,10.5,0,1,https://awakenetwork.org/forum/kfd-archive-wetpaint/12983-stream-entry-poll,low,"NON-ATTAINER. 10-day retreat 7 of 7; 'I crossed from DN to Eq sometime around Sept 2009, and still haven't hit stream entry'; ~3 years sitting in Equanimity without a fruition despite ~120 cumulative retreat days; OFF-DIAGONAL censored high-dose case and one of the most informative people in this dataset",unknown
kfd_mpavoreal,1,1999.00,90,8.0,0,1,https://awakenetwork.org/forum/kfd-archive-wetpaint/12983-stream-entry-poll,low,"NON-ATTAINER. 'Did a 3 month retreat at the IMS'; h_per_day from IMS calibration ~8, not stated; year GUESSED - he says only '10+ years' of practice as of ~2011-12; OFF-DIAGONAL very-long-and-intense with no event",insight
kfd_mpavoreal,2,1999.30,1095,,0,1,https://awakenetwork.org/forum/kfd-archive-wetpaint/12983-stream-entry-poll,low,"NON-ATTAINER. 'followed by 3 years in a teepee or a cabin in the woods'; formal hours NOT STATED and a self-organised forest hermitage has no published schedule, so h_per_day BLANK - do not fill this in; year GUESSED; OFF-DIAGONAL long-and-gentle (or long-and-unknown) with no event; this is the single longest residential period in the dataset",home_ret
kfd_mpavoreal,3,2005.00,84,8.0,0,1,https://awakenetwork.org/forum/kfd-archive-wetpaint/12983-stream-entry-poll,low,NON-ATTAINER. 'at least a dozen 7 or 7+ day retreats' collapsed into one row of 12x7=84 days because individual dates are unavailable; also 'scores of all day sittings' and '2 to 4 day retreats' not recorded; h_per_day 8.0 GUESSED from Western insight retreat norm; years GUESSED; he describes himself as progressing but not a stream enterer,unknown
kfd_rob_mtl,1,2003.00,2190,0.86,0,1,https://awakenetwork.org/forum/kfd-archive-wetpaint/12983-stream-entry-poll,low,"reported '7 years prior' of practice before the pre-SE period; 0.86 = 1h x 6 days / 7 carried backward from his stated rate, which may not have held for the whole 7 years; years GUESSED from a ~2011 thread date",unknown
kfd_rob_mtl,2,2009.80,3,,0,1,https://awakenetwork.org/forum/kfd-archive-wetpaint/12983-stream-entry-poll,low,'I'd done a 3-day retreat about a year prior' to SE; schedule not stated so h_per_day BLANK; year GUESSED,unknown
kfd_rob_mtl,3,2010.00,365,0.86,1,1,https://awakenetwork.org/forum/kfd-archive-wetpaint/12983-stream-entry-poll,medium,"STREAM ENTRY ~2010; 'my practice was 1 hour a day, six days a week'; h_per_day 0.86 = 1 x 6/7; only one 3-day retreat ever; OFF-DIAGONAL genuinely low-dose attainer - useful counterweight to the retreat-heavy rows; period length and year estimated from 'a little over a year ago' in a ~2011-12 post",unknown
kfd_johnnyzampano,1,2011.70,31,8.0,1,1,https://awakenetwork.org/forum/kfd-archive-wetpaint/12983-stream-entry-poll,high,STREAM ENTRY 'during part 2 of the most recent three month course at IMS. Day 31 in the morning'; 'I was sitting around 7 - 9 hours a day' so h_per_day 8.0 is the midpoint of his own stated range; days=31 = exposure to event within the ~90-day container; IMS 3-month course runs Sept-Dec so start_year 2011.70 estimated; OFF-DIAGONAL very-long-and-intense WITH event - the best-specified long-retreat attainer I found,insight
kfd_modalnode,1,2011.00,5,10.0,1,1,https://awakenetwork.org/forum/kfd-archive-wetpaint/12983-stream-entry-poll,medium,"STREAM ENTRY on '5th day of Goenka course: 10 hrs/day on cushion'; 'it happened in bed, not on the cushion'; days=5 = exposure within the 10-day container; h_per_day 10.0 is his own stated figure and matches the Goenka calibration; prior practice history NOT reported - a real gap, because for a dose model this row is uninterpretable without knowing what he brought in; year GUESSED from thread date",goenka
kfd_orasis,1,2010.00,365,0.07,1,1,https://awakenetwork.org/forum/kfd-archive-wetpaint/12983-stream-entry-poll,low,"STREAM ENTRY. FLAGGED - extreme outlier and possibly a definitional mismatch. 'My total cushion time has been 20-30 hours. The vast majority of my practice was just recognizing awareness as often as possible'; h_per_day 0.07 = 25 lifetime hours spread over an assumed 365 days, which is an ARTEFACT of my period choice, not a measurement - the honest summary is 'lifetime formal hours = 20-30, off-cushion awareness practice all day'; this is a Kenneth-Folk-3rd-gear / direct-recognition route and may not be commensurable with cessation-defined stream entry; year GUESSED",unknown
kfd_wf566163,1,2010.90,21,2.0,0,1,https://awakenetwork.org/forum/kfd-archive-wetpaint/12983-stream-entry-poll,medium,'I had been at equanimity for 3 weeks or so and was sitting about 2 hrs. a day'; no retreats mentioned; year GUESSED from thread date; earlier practice history not reported,unknown
kfd_wf566163,2,2010.96,2,5.0,1,1,https://awakenetwork.org/forum/kfd-archive-wetpaint/12983-stream-entry-poll,medium,STREAM ENTRY; 'then for 1 or 2 days I sat for probably 4-6 hours and that's when SE happened'; h_per_day 5.0 = midpoint of his stated 4-6; this is a clean natural experiment: SE arrived when he 2.5x'd his daily dose from a stable equanimity plateau,daily
kfd_nadavspi,1,2010.00,365,1.75,1,1,https://awakenetwork.org/forum/kfd-archive-wetpaint/12983-stream-entry-poll,low,"STREAM ENTRY; 'I think I was sitting twice a day when I got stream entry; an hour in the morning, and another 45-60 minutes in the afternoon'; h_per_day 1.75 from his own figures; note the hedge 'I think'; the poll table records 'intensive periods' of retreat but he does not describe them; period length and year GUESSED",daily
kfd_pejn,1,2010.00,365,1.5,1,1,https://awakenetwork.org/forum/kfd-archive-wetpaint/12983-stream-entry-poll,low,"STREAM ENTRY; '30 mins in the morning and 60 mins in evening, With some extra evening minutes in the end. No retreats.'; h_per_day 1.5 from his own figures; OFF-DIAGONAL low-dose daily-only attainer with zero retreat exposure; period length and year GUESSED",daily
kfd_malt,1,2011.00,365,2.0,1,1,https://awakenetwork.org/forum/kfd-archive-wetpaint/12983-stream-entry-poll,low,"FLAGGED - self-describes attainment tentatively ('Yes (tentative)' in the poll table) and 'I got a path in may 2011' without specifying which path; 'I was doing at least 2 hrs / day formal practice' so 2.0 is a stated LOWER BOUND; did a 'semi-retreat at home' of unstated length; 'my first A&P experience came from a psychedelic experience', so the pharmacological confound is explicit; period length GUESSED",unknown
kfd_apriorikreuz,1,2010.00,365,,1,1,https://awakenetwork.org/forum/kfd-archive-wetpaint/12983-stream-entry-poll,low,"STREAM ENTRY; 'No retreats, just practicing at home, sitting, walking, while driving, and sometimes while in the company of people'; NO hours figure of any kind is given so h_per_day is BLANK; period length and year GUESSED; another zero-retreat attainer",unknown
mon_brahm,1,1969.0,1950,,0,0,https://bswa.org/teachers/ajahn-brahm/ajahn-brahm-bio/,low,"Lay/student era: saw a monk at 18 (~1969), Cambridge theoretical physics then one year schoolteaching. Start year GUESSED from ""at age 18"" + birth 1951-08. No practice intensity documented anywhere; h_per_day left blank deliberately.",monastic
mon_brahm,2,1974.7,150,,0,0,https://bswa.org/teachers/ajahn-brahm/ajahn-brahm-bio/,low,"Ordained bhikkhu 1974 at Wat Saket, Bangkok (city monastery, not forest). Exact month not published; start year GUESSED as late 1974 to bridge to Jan 1975 arrival at Wat Pah Pong. Hours unknown.",monastic
mon_brahm,3,1975.05,2920,4.5,0,0,https://www.watpahnanachat.org/about,medium,"Wat Pah Pong then founding member + vinaya master of Wat Pah Nanachat, Jan 1975 to 1983, under Ajahn Chah. Thai forest tradition, anapanasati/jhana-oriented. h_per_day INFERRED from WPN published schedule (3:30am group chanting+sitting, 6:15pm group sitting, private practice 11:00-16:30 and 19:45-21:30): ~2h group + ~2.5h private. Uposatha all-night sits raise the mean slightly; not included. NOTE: upstream agent wrote 4.5 into the confidence column; corrected to medium here.",monastic
mon_brahm,4,1983.9,4050,,0,0,https://bswa.org/teachers/ajahn-brahm/ajahn-brahm-bio/,low,"Perth/Bodhinyana founding era 1983-1995: building work heavy, plus periodic solitary retreats. No published schedule found for Bodhinyana in this period; hours NOT estimated.",unknown
mon_brahm,5,1995.0,11500,,0,0,https://bswa.org/teachers/ajahn-brahm/ajahn-brahm-bio/,low,"Abbot of Bodhinyana + spiritual director BSWA, 1995-present. Heavy teaching/travel load; formal sitting hours undocumented. NO PATH ATTAINMENT CLAIM at any point; he does speak of his own jhana experience in Thailand, which is why event=0 but outcome_known=0 rather than 1.",unknown
mon_batchelor,1,1972.4,584,,0,1,https://en.dharmapedia.net/wiki/Stephen_Batchelor_(author),medium,"Lay seeker era: overland to India 1972 aged 18, settled Dharamsala. Practice intensity undocumented; hours blank. Start month GUESSED (mid-1972).",unknown
mon_batchelor,2,1974.0,548,,0,1,https://en.dharmapedia.net/wiki/Stephen_Batchelor_(author),medium,"Novice Gelug monk, Dharamsala, ordained 1974 (confirmed from the Confession of a Buddhist Atheist jacket copy). Study/debate-dominant curriculum (lam-rim, Tibetan language); formal sitting hours NOT documented and deliberately left blank rather than guessed. End date GUESSED as mid-1975.",monastic
mon_batchelor,3,1975.5,1278,,0,1,https://en.dharmapedia.net/wiki/Stephen_Batchelor_(author),medium,"Tibet Institute Rikon then Tharpa Choeling (Le Mont-Pelerin, CH) under Geshe Rabten; full bhikkhu ordination 1976. Geshe-style philosophical training - very low meditation-to-study ratio, but no number published. Hours blank.",monastic
mon_batchelor,4,1979.0,840,,0,1,https://en.dharmapedia.net/wiki/Stephen_Batchelor_(author),medium,"Hamburg, translator for Geshe Thubten Ngawang at Tibetisches Institut. Work-dominant. Hours blank.",unknown
mon_batchelor,5,1981.3,45,,0,1,https://en.dharmapedia.net/wiki/Stephen_Batchelor_(author),medium,"Arrival Songgwangsa Monastery, Korea, April 1981, under Kusan Sunim. Non-retreat (sanjung) season: hours not documented.",monastic
mon_batchelor,6,1981.37,90,7.5,0,1,http://musangsa.org/wp-content/uploads/2026/06/KyolChe-Schedule_NEW.pdf,low,"Summer kyol che 1981, hwadu/kong-an (""What is this?"") under Kusan Sunim. h_per_day CORRECTED DOWN from the upstream agent's 9.5: Musangsa's prose claims 9-10h sitting but its own published timetable gives 7.5h of sitting blocks (5:40-6:10, 9:00-11:00, 13:30-16:30, 19:00-21:00) of which only 5.75h is actually seated, the rest kinhin. Sleep 6.7h. DATES GUESSED from the standard Korean monastic calendar; no source states he attended this specific season.",monastic
mon_batchelor,7,1981.62,90,,0,1,https://en.dharmapedia.net/wiki/Stephen_Batchelor_(author),low,Free season (sanjung) between retreats. Hours not documented. Dates GUESSED from monastic calendar.,monastic
mon_batchelor,8,1981.87,90,7.5,0,1,http://musangsa.org/wp-content/uploads/2026/06/KyolChe-Schedule_NEW.pdf,low,"Winter kyol che 1981/82. h_per_day from Musangsa published timetable, corrected down from 9.5 (see idx 6). Dates GUESSED (winter kyol che ~mid-Nov to mid-Feb).",unknown
mon_batchelor,9,1982.12,90,,0,1,https://en.dharmapedia.net/wiki/Stephen_Batchelor_(author),low,Free season. Hours not documented. Dates GUESSED.,unknown
mon_batchelor,10,1982.37,90,7.5,0,1,http://musangsa.org/wp-content/uploads/2026/06/KyolChe-Schedule_NEW.pdf,low,"Summer kyol che 1982. h_per_day from published timetable, corrected down from 9.5. Dates GUESSED.",unknown
mon_batchelor,11,1982.62,90,,0,1,https://en.dharmapedia.net/wiki/Stephen_Batchelor_(author),low,Free season. Dates GUESSED.,unknown
mon_batchelor,12,1982.87,90,7.5,0,1,http://musangsa.org/wp-content/uploads/2026/06/KyolChe-Schedule_NEW.pdf,low,"Winter kyol che 1982/83. h_per_day from published timetable, corrected down from 9.5. Dates GUESSED.",unknown
mon_batchelor,13,1983.12,90,,0,1,https://en.dharmapedia.net/wiki/Stephen_Batchelor_(author),low,Free season. Dates GUESSED.,unknown
mon_batchelor,14,1983.37,90,7.5,0,1,http://musangsa.org/wp-content/uploads/2026/06/KyolChe-Schedule_NEW.pdf,low,"Summer kyol che 1983. h_per_day from published timetable, corrected down from 9.5. Dates GUESSED.",unknown
mon_batchelor,15,1983.62,90,,0,1,https://en.dharmapedia.net/wiki/Stephen_Batchelor_(author),low,Free season. Dates GUESSED.,unknown
mon_batchelor,16,1983.87,90,7.5,0,1,http://musangsa.org/wp-content/uploads/2026/06/KyolChe-Schedule_NEW.pdf,low,"Winter kyol che 1983/84. h_per_day from published timetable, corrected down from 9.5. Dates GUESSED.",unknown
mon_batchelor,17,1984.12,90,,0,1,https://en.dharmapedia.net/wiki/Stephen_Batchelor_(author),low,Free season. Dates GUESSED.,unknown
mon_batchelor,18,1984.37,90,7.5,0,1,http://musangsa.org/wp-content/uploads/2026/06/KyolChe-Schedule_NEW.pdf,low,"Summer kyol che 1984 - his last; he left Korea autumn 1984. h_per_day from published timetable, corrected down from 9.5. Dates GUESSED.",unknown
mon_batchelor,19,1984.62,183,,0,1,https://en.dharmapedia.net/wiki/Stephen_Batchelor_(author),medium,"Pilgrimage Japan/China/Tibet autumn 1984, then disrobed. END OF OBSERVATION as monastic. DATE DISCREPANCY: the book jacket of Confession of a Buddhist Atheist says ""disrobed in 1984"" and the preface says ""I was a Buddhist monk for ten years"" (1974-1984); the upstream agent and Dharmapedia say February 1985. Difference is immaterial for the model. ~10 yrs ordained, ~630 days of kyol che, NO awakening/stream-entry claim ever made; chapters 1 and 7 are both titled ""A Buddhist Failure"" and he subsequently rejected the four-path model in print. Coded outcome_known=1 as a considered public non-claim.",monastic
mon_bjorn,1,1992.05,365,4.5,0,1,https://en.wikipedia.org/wiki/Bj%C3%B6rn_Natthiko_Lindeblad,medium,"Arrived Wat Pah Nanachat January 1992 (ex-ABB manager). First year as anagarika/samanera - the 1-year postulant length is GUESSED from standard Ajahn-Chah-lineage progression, not stated. h_per_day INFERRED from WPN published schedule.",monastic
mon_bjorn,2,1993.05,3650,4.5,0,1,https://www.watpahnanachat.org/about,medium,"Bhikkhu Natthiko, Thai forest monasteries. Duration of the Thailand phase is GUESSED as ~10 years; sources say only ""17 years"" total across Thailand, England and Switzerland without dates. h_per_day from WPN published schedule.",monastic
mon_bjorn,3,2003.05,2080,3.0,0,1,https://amaravati.org/visiting/regular-activities/,low,"Europe phase: Thai forest monastery in England (Amaravati/Cittaviveka) and Dhammapala, Switzerland. SPLIT YEAR 2003 IS GUESSED. h_per_day INFERRED from Amaravati published schedule (5am morning meeting meditation+chanting, 7:30pm evening puja, afternoon unscheduled) - materially lower formal sitting than Thailand.",monastic
mon_bjorn,4,2008.75,1,,0,1,https://en.wikipedia.org/wiki/Bj%C3%B6rn_Natthiko_Lindeblad,high,"Disrobed October 2008 after 17 years, returned to Sweden. Zero-length marker row for end of observation. Wrote a memoir (""I May Be Wrong"") explicitly accounting for what 17 years of full-time training produced - ""I no longer believe my every thought"" - with NO attainment claim. Coded as a soft public non-claim (outcome_known=1); see notes for the case for downgrading to 0.",unknown
mon_sofer,1,2010.6,888,3.0,0,0,https://www.orenjaysofer.com/blog/2016/returning-to-lay-life,medium,"Anagarika (Pali name Nyaniko), Thai Forest tradition, Aug 2010 - Jan 2013; Tisarana Buddhist Monastery (Ontario) among others. h_per_day INFERRED from Tisarana published schedule (5am puja chanting+meditation, 7pm puja, afternoon open) benchmarked against Abhayagiri's quantified 1h+1h group sits - so ~2h group + ~1h individual. Left to address sexuality/relational wounds, not because of practice completion. No attainment claim, no denial either -> outcome_known=0.",monastic
mon_kornfield,1,1967.6,500,,0,1,https://encyclopediaofbuddhism.org/wiki/Jack_Kornfield,medium,"Peace Corps, Mekong valley tropical-medicine teams, Thailand, after Dartmouth 1967. First contact with forest monks. No practice intensity documented. Start month GUESSED.",monastic
mon_kornfield,2,1969.0,730,4.5,0,1,https://encyclopediaofbuddhism.org/wiki/Jack_Kornfield,medium,"Ordained 1969, monk under Ajahn Chah at Wat Pah Pong. h_per_day INFERRED via Wat Pah Nanachat's published schedule as a proxy for Wat Pah Pong (same abbot, same era, same routine) - flagged as a proxy. End date GUESSED.",monastic
mon_kornfield,3,1971.0,365,19.0,0,1,https://www.lionsroar.com/jack-kornfield-wise-heart-november-2010/,medium,"Yearlong intensive Mahasi-style vipassana retreat under Asabha Sayadaw - HIS OWN stated figure ""eighteen to twenty hours a day"" (used 19). Category-B-intensity insert inside a Category-A career, and the single highest dose-days product in the dataset. Reported deep states: seeing thoughts before they arose, body dissolving into ""twenty kinds of light"", high equanimity. Coded event=0: these read as jhana/vipassana-nana/A&P phenomena, NOT a path claim; Ajahn Chah's response was ""Good. Something else to let go of."" YEAR IS GUESSED as 1971 (sources place it between ordination and his 1972 return). See notes - this is the most consequential event-coding judgement in the dataset.",monastic
mon_kornfield,4,1972.0,180,,0,1,https://encyclopediaofbuddhism.org/wiki/Jack_Kornfield,low,"Burma with Mahasi Sayadaw's lineage and India with Dipa Ma before returning to the US in 1972. Dates and hours not documented. outcome_known=1: he is on extensive public record that deep meditation left loneliness, intimacy, childhood wounds and fear untouched, and that most Western monks he knew were ""not helped by meditation in big areas of their lives"" - a de facto denial of liberating attainment.",monastic
mon_tenzinpalmo,1,1964.0,180,,0,1,https://tenzinpalmo.com/biography/,high,"Sailed from England to India 1964 aged 20 (b. 1943 as Diane Perry); self-identified Buddhist from 18 after reading Walters' ""The Mind Unshaken"". Lay period, ~3 months to ordination. Hours undocumented.",unknown
mon_tenzinpalmo,2,1964.5,2010,,0,1,https://tenzinpalmo.com/biography/,high,"Nun (Drubgyu Tenzin Palmo) with Khamtrul Rinpoche, Dalhousie and Tashi Jong, 1964-1970. Sramanerika ordination 1967 at Rumtek. Drukpa Kagyu. Formal daily practice hours NOT documented; blank.",monastic
mon_tenzinpalmo,3,1970.0,2190,,0,1,https://tenzinpalmo.com/biography/,high,"Tayul Gompa, Lahaul, 1970-1976 (six years). Bhikshuni ordination 1973 in Hong Kong. Semi-secluded but not in strict retreat. Hours undocumented.",unknown
mon_tenzinpalmo,4,1976.0,3290,12.0,0,1,https://en.wikipedia.org/wiki/Tenzin_Palmo,low,"Cave at 13200ft, Lahaul, 1976 onward; 10ft x 6ft. Non-strict portion of the 12 years. h_per_day = 12 from SECONDARY reporting of ""Cave in the Snow"" (""spent 12 hours a day in meditation""), NOT from her own words - another source says 15h in the meditation box, and her own 1988 interview gives no numbers, only that she never lay down and slept ~3h/night in a gomthag box. Treat 12 as a wide-error estimate. Split of the 12 years into 9 non-strict + 3 strict is documented; the 1985 boundary is GUESSED.",unknown
mon_tenzinpalmo,5,1985.0,1280,12.0,0,1,https://fpmt.org/mandala/archives/older/mandala-issues-for-1988/april/an-interview-with-tenzin-palmo/,low,"Final three years: strict solitary retreat, complete isolation, ended summer 1988. Same h_per_day caveat as idx 4. outcome_known=1 on the strength of her own post-retreat statement: ""I hope I've made some progress after training my mind all these years... it's an enormous job, not something that is going to be finished in this lifetime."" See notes - this is a hedge, not a clean denial, and Tibetan framing does not map onto sotapatti.",unknown
mon_mcleod,1,1976.0,1190,12.0,0,0,https://unfetteredmind.org/about-ken-mcleod/,medium,"First traditional 3-year-3-month retreat, Kagyu Ling, central France, under Kalu Rinpoche - he helped establish the first Western 3-year retreat. h_per_day INFERRED from published 3yr schedules: Kagyu Thubten Choling's timetable gives 3 main sessions (~6.5h) + ~4h group chanting (Tara am, Mahakala pm) + ~1.3h rituals/Chod + Tibetan yoga = ~13h structured; Tergar claims ""approximately 16 hours a day""; Karme Ling's own page computes ~9.5h. Used 12 as a conservative on-cushion figure. Days = 3y3m3d. TECHNIQUE CAVEAT: predominantly deity yoga/mantra/visualisation, not insight practice - see notes.",unknown
mon_mcleod,2,1979.6,1190,12.0,0,0,https://unfetteredmind.org/about-ken-mcleod/,medium,"Second 3-year-3-month retreat. Sources give only ""two traditional three-year retreats (1976-83)"", so the START YEAR OF THE SECOND RETREAT IS GUESSED to fit 6.5 retreat-years into the 1976-83 window. Same h_per_day inference and same technique caveat.",unknown
mon_mcleod,3,1983.0,1,,0,0,https://tinfoilushnisha.wordpress.com/2013/05/07/ken-mcleods-three-year-retreat/,medium,"End of observation. No attainment claim; notably says ""By the time I left retreat, all doors to practice were closed for me in the tradition in which I had trained"" and that the value was ""a firm way-seeking mind"". He avoids attainment language entirely, so outcome_known=0 rather than 1.",unknown
mon_amaro,1,1978.0,365,4.5,0,0,https://amaravati.org/biographies/ajahn-amaro/,low,"Arrived Wat Pah Nanachat as postulant/anagarika (b. England 1956, BSc Psychology+Physiology, Univ. of London). ARRIVAL YEAR GUESSED as 1978 to precede the documented 1979 bhikkhu ordination by the standard ~1 year. h_per_day from WPN published schedule.",monastic
mon_amaro,2,1979.0,290,4.5,0,0,https://amaravati.org/biographies/ajahn-amaro/,medium,Bhikkhu ordination 1979 by Ajahn Chah at Wat Pah Nanachat; remainder of that year in Thailand. h_per_day from WPN published schedule.,monastic
mon_amaro,3,1979.8,1530,3.0,0,0,https://amaravati.org/visiting/regular-activities/,low,"Chithurst (Cittaviveka) with Ajahn Sumedho from late 1979 - pioneering phase, very heavy manual work. h_per_day INFERRED from Amaravati/Cittaviveka published routine (5am meeting, 7:30pm puja, afternoon unscheduled) and may be an OVERESTIMATE for the construction years. End year GUESSED.",unknown
mon_amaro,4,1984.0,4560,3.0,0,0,https://amaravati.org/visiting/regular-activities/,low,"Amaravati resident, ~1984-1996, with annual California trips through the 1990s. Start year GUESSED (Amaravati opened 1984). h_per_day from Amaravati published schedule.",unknown
mon_amaro,5,1996.5,5110,3.5,0,0,https://www.abhayagiri.org/about/a-typical-day,medium,"Founded Abhayagiri (Redwood Valley, CA) June 1996; co-abbot with Ajahn Pasanno until July 2010. h_per_day INFERRED from Abhayagiri's published and QUANTIFIED schedule: 1h group sit in 5am puja + 1h group sit in 7pm puja = 2h documented, plus individual-practice windows 3:00-4:30am and afternoon; allotted ~1.5h of those to formal sitting/walking. Wan Phra nights add 5h group sitting ~4x/month (~+0.7h/day if averaged) - NOT included.",unknown
mon_amaro,6,2010.5,5844,3.0,0,0,https://amaravati.org/visiting/regular-activities/,low,"Abbot of Amaravati, July 2010 to present (row runs to mid-2026). Large administrative/teaching load; 3.0 is the institutional schedule figure and is probably an OVERESTIMATE of his personal formal sitting. ~48 years ordained with NO attainment claim and no denial - a very long right-censored observation, exactly the Theravada-reticence case.",unknown
mon_shinzen,1,1968.0,730,,0,1,https://batgap.com/shinzen-young-transcript/,low,"Lay era: experimented with meditation at Univ. of Wisconsin in the late 1960s while doing Buddhist studies. Start year GUESSED. Hours undocumented. He states of this period: ""Not even yet the first experience, which is usually called Stream-entry or kensho - hadn't had that yet."" - useful as a censoring lower bound.",unknown
mon_shinzen,2,1970.0,1095,,1,1,https://www.lionsroar.com/on-enlightenment-an-interview-with-shinzen-young/,low,"Ordained 1970 at Mt Koya Shingon monastery (name Shinzen), three years as a Shingon monk to ~1973. Describes a first breakthrough during an intense Zen retreat in Japan: ""My first big breakthrough happened on a Saturday evening, and I thought, 'I'm going to wake up tomorrow and find that it has worn off'... It will never wear off."" He equates kensho with sotapatti. EVENT ASSIGNMENT TO THIS PERIOD IS AN INFERENCE - no source dates the breakthrough and it may have occurred during a later Japan trip or under Joshu Sasaki Roshi. Shingon training is ritual-dominant; h_per_day NOT documented, left blank. The breakthrough occurred in a sesshin (a category-B container) nested inside a category-A residency.",sesshin
zen_kapleau,1,1953.84,26,,0,1,https://terebess.hu/zen/mesterek/KapleauPillars.pdf,medium,"Ryutaku-ji under Nakagawa Soen; koan Mu; arrived Nov 3 1953 intending 2 days, stayed to Nov 29; allowed to sit solo in founder's hall + hill-top sits. h/day NOT stated and his arrangement was idiosyncratic (solo, not the monastic timetable) so left blank rather than guessed.",sesshin
zen_kapleau,2,1953.915,8,14.0,0,1,https://terebess.hu/zen/mesterek/KapleauPillars.pdf,medium,"First rohatsu sesshin, Hosshin-ji under Harada Sogaku, Dec 1-8 1953, koan Mu. h/day INFERRED from Three Pillars' own sesshin chapter: 3:00 a.m. start, formal zazen ends 8:45 p.m., bed 9 p.m.; minus ~2h meals, ~1.5h teisho, ~1h rest/bath. Samu is dropped during sesshin (Kapleau's own footnote). Rohatsu additionally makes yaza (zazen after 9 p.m.) 'the rule each night', which would push it to 16+; 14.0 is a deliberately conservative midpoint. Dec 7 entry 'too exhausted to sit up with the others last night' confirms others did all-night sits.",sesshin
zen_kapleau,3,1953.94,120,,0,1,https://terebess.hu/zen/mesterek/KapleauPillars.pdf,low,Kyoto/Ryutaku-ji winter-spring era Dec 1953-Apr 1954. Days ESTIMATED from the Jan 9 / Jan 20 1954 diary entries. h/day not stated.,sesshin
zen_kapleau,4,1954.27,7,,0,1,https://terebess.hu/zen/mesterek/KapleauPillars.pdf,low,"Second Hosshin-ji sesshin, concluded Apr 8 1954 ('My second Hosshin-ji sesshin is over'). Length 7 days GUESSED from standard Hosshin-ji sesshin length; h/day left blank (spring sesshin, no yaza rule stated).",sesshin
zen_kapleau,5,1954.3,965,,0,1,https://terebess.hu/zen/mesterek/KapleauPillars.pdf,medium,"Lay monk resident at Hosshin-ji, Apr 1954 - Nov 23 1956. 'Sitting, sitting, sitting, one painful sesshin after another' plus takuhatsu, felling trees, rice planting, kitchen. Mixed monastic labour + sesshin; mean h/day NOT inferable, left blank. Oct 1 1956 entry: 'true illumination, satori, still eludes me'.",sesshin
zen_kapleau,6,1956.92,3,,0,1,https://terebess.hu/zen/mesterek/KapleauPillars.pdf,medium,"First sesshin at Yasutani's (Dec 3 1956), 3 days, lay temple format ('the sesshin's only three days'). Yasutani lay sesshin is less rigidly scheduled than monastery (per Mrs D.K.'s account in the same book), so h/day left blank.",sesshin
zen_kapleau,7,1957.0,570,,0,1,https://terebess.hu/zen/mesterek/KapleauPillars.pdf,medium,"Kamakura lay era Dec 1956 - Jul 1958, ~19 sesshin with Yasutani in this window (the Aug 1958 one is explicitly 'my twentieth with Yasutani-roshi'). Aggregated into one era row because individual sesshin dates are not given. h/day blank.",sesshin
zen_kapleau,8,1958.55,14,,0,1,https://terebess.hu/zen/mesterek/KapleauPillars.pdf,medium,"July 1958: two sesshin that month (Yasutani's temple + Ryutaku-ji) 'besides day and night zazen in my own room, all in preparation for this Big Push'. days=14 is 2x7 GUESSED.",sesshin
zen_kapleau,9,1958.583,7,16.0,1,1,https://terebess.hu/zen/mesterek/KapleauPillars.pdf,medium,"KENSHO. One-week sesshin at Yasutani's temple starting Aug 1 1958, his 20th with Yasutani, koan Mu. Confirmed at afternoon dokusan Aug 5 1958 (day 5). h/day=16 INFERRED from his own diary: on Aug 4 he sat through the entire night ('Mu'd silently in temple garden till clock struck one... pushed on till the 4 A.M. gong'), then 'threw myself into Mu for another nine hours' on Aug 5. Peak days were ~20-24h with near-zero sleep; 16 is the week-mean estimate. Total prior training ~5 years ('it took me five years to see it').",sesshin
zen_ky,1,1946.0,2880,,0,1,https://terebess.hu/zen/mesterek/KapleauPillars.pdf,low,"Mr K.Y., Japanese executive age 47. Lay zazen under Harada-lineage teachers; 'After seven or eight years of zazen'. start_year=1946 BACK-CALCULATED from that phrase minus 1953.9; could be 1945-1946. h/day never stated. No sesshin mentioned at all.",sesshin
zen_ky,2,1953.902,1,,1,1,https://terebess.hu/zen/mesterek/KapleauPillars.pdf,high,"KENSHO, midnight of Nov 26/27 1953, AT HOME IN BED, not on retreat. Trigger was recalling a Son-o quotation after a day visiting Nakagawa-roshi's monastery. Confirmed next morning by Yasutani-roshi as 'Attainment of the emptiness of Mind'. IMPORTANT: a documented kensho with ZERO retreat exposure. Letter dated Nov 27 1953.",sesshin
zen_kt,1,1941.0,365,,0,1,https://terebess.hu/zen/mesterek/KapleauPillars.pdf,low,"Mr K.T., Japanese garden designer, age 32 at kensho. Started zazen at 28 after coughing blood (TB). Group zazen + dokusan under Taji-roshi every Sunday; 'I did not experience monastery life'. ALL DATES GUESSED: the editor says this account 'was not set to paper until almost twenty years later' and the book is 1965, so kensho ~1945 and age-28 start ~1941. Could be off by several years.",sesshin
zen_kt,2,1941.5,7,,0,1,https://terebess.hu/zen/mesterek/KapleauPillars.pdf,low,"First sesshin, Nippon-ji (Nokogiriyama, Chiba), Harada-roshi, koan Mu. Day 1 tense, day 2 lost sense of taste, severe leg pain; had a joy-experience he himself calls possibly 'a hallucination'. NOT kensho. Length 7 days GUESSED. Date GUESSED.",sesshin
zen_kt,3,1941.6,1100,,0,1,https://terebess.hu/zen/mesterek/KapleauPillars.pdf,low,Three-year gap of weekly group zazen + Sunday dokusan between first and second sesshin ('I attended one sesshin three years later'). h/day not stated.,sesshin
zen_kt,4,1944.6,7,,0,1,https://terebess.hu/zen/mesterek/KapleauPillars.pdf,low,"Second sesshin, Hosshin-ji, three years after the first: 'I was unsuccessful in attaining enlightenment'. Clean non-event. Length GUESSED 7 days; date GUESSED.",sesshin
zen_kt,5,1944.6,90,,1,1,https://terebess.hu/zen/mesterek/KapleauPillars.pdf,low,"KENSHO. 'One night during the summer of that year while single-mindedly devoting myself to the practice of my koan, Mu' - i.e. at home, NOT on retreat, months after the failed Hosshin-ji sesshin. Confirmed by Taji-roshi, who then explicitly graded it: 'The depth of your enlightenment is no greater than... the third picture, namely, that of seeing the Ox... your kensho is such that you can easily lose sight of it'. days=90 is the summer window, a guess.",sesshin
zen_cs,1,1947.7,6,,0,1,https://terebess.hu/zen/mesterek/KapleauPillars.pdf,low,"Mr C.S., Japanese retired government worker. Born Sept 1895; 'Eight years have passed since I first began zazen' as of Sept 1955, so start ~1947. First sesshin at Yasutani's temple; he arrived expecting a pleasant nature outing and it turned out brutal. Length and h/day not stated; days=6 GUESSED.",sesshin
zen_cs,2,1947.8,2700,,0,1,https://terebess.hu/zen/mesterek/KapleauPillars.pdf,low,"Lay practice era 1947-1955 with repeated sesshin ('Sometime later, during another sesshin...'). Breath-counting first, koan Mu assigned after a spring sesshin (probably spring 1955). h/day not stated.",sesshin
zen_cs,3,1955.25,6,,0,1,https://terebess.hu/zen/mesterek/KapleauPillars.pdf,medium,Spring 1955 sesshin. Reached 'this realm' but no kensho; afterwards vowed 'Either I get kensho at the next sesshin or else!'. Length GUESSED.,sesshin
zen_cs,4,1955.72,6,,1,1,https://terebess.hu/zen/mesterek/KapleauPillars.pdf,medium,"KENSHO, early autumn 1955 sesshin, age 60, ~8 years after starting. Roshi on the last evening: 'This is the last evening of the sesshin. Do zazen all night' - so terminal all-night sit, near-zero sleep. Length GUESSED at 6 days; h/day not stated so left blank despite the all-nighter.",sesshin
zen_am,1,1962.55,14,,0,1,https://terebess.hu/zen/mesterek/KapleauPillars.pdf,medium,"Mrs A.M., American schoolteacher age 38, Honolulu summer 1962. Her ENTIRE pre-sesshin meditation experience: she and her husband 'took turns at home every other evening with the children while each of us went to do zazen... for two weeks prior to the sesshin'. So ~7 evening sessions total. h/day left blank (~1-2h every other evening, i.e. <1 h/day mean) - deliberately not pinned.",sesshin
zen_am,2,1962.6,7,,1,1,https://terebess.hu/zen/mesterek/KapleauPillars.pdf,medium,"KENSHO on day 6-7 of her FIRST EVER SESSHIN, Yasutani-roshi's Honolulu sesshin (his first US tour), koan Mu, Tai-san (Eido Shimano) as monitor. Fastest documented case in the corpus: ~2 weeks of prior sitting. CRITICAL CAVEAT for h_per_day: she attended PART-TIME - 'neither my husband nor I attended sesshin full-time. We took turns going to the 4 A.M. sitting and went home for almost all meals. I stayed overnight once'. Actual dose well below the nominal schedule. h/day left BLANK deliberately; do NOT impute the institutional figure to her.",sesshin
zen_ak,1,1949.85,730,,0,1,https://terebess.hu/zen/mesterek/KapleauPillars.pdf,medium,"Mr A.K., Japanese insurance adjuster, age 25 at kensho. Aged 17 in Aug 1949 (born ~1932), so kensho year ~1957 - ESTIMATED from the age caption. First zazenkai Nov 1949 under Yasutani, breath counting. 'My skepticism persisted for two years' before his first sesshin. h/day not stated.",sesshin
zen_ak,2,1951.9,3,,0,1,https://terebess.hu/zen/mesterek/KapleauPillars.pdf,medium,"First sesshin, 3 days, koan Mu assigned. 'While half of me strove resolutely for kensho, the other half held back in fear of the fierce blows of the kyosaku.' No kensho. Date estimated from 'two years' after Nov 1949.",sesshin
zen_ak,3,1952.9,35,,0,1,https://terebess.hu/zen/mesterek/KapleauPillars.pdf,low,"'I went to no more sesshin until the next year, when I attended five in succession.' Five sesshin aggregated into one row (individual dates not given); days=35 assumes 7 days each - GUESSED. Outcome: 'for all my striving I could not reach the point of kensho'.",sesshin
zen_ak,4,1954.2,6,,0,1,https://terebess.hu/zen/mesterek/KapleauPillars.pdf,medium,"March 1954 sesshin (his graduation year). Day 3: 'Mu is nothing but Mu!' hit him 'like lightning', 'a heavy load suddenly fell from my shoulders, but because this was not yet realization, I fell into darkness again'. Explicit NON-event. Length GUESSED.",sesshin
zen_ak,5,1954.3,6,,0,1,https://terebess.hu/zen/mesterek/KapleauPillars.pdf,medium,"April 1954 sesshin ('the following month's sesshin'), redoubled effort after his own mother got kensho very quickly. Roshi: 'Only one more step!' Still no kensho: 'Bitterly disappointed'. Length GUESSED.",sesshin
zen_ak,6,1954.4,700,,0,1,https://terebess.hu/zen/mesterek/KapleauPillars.pdf,low,Discouragement era: 'I talked myself into believing I lacked the intrinsic potentiality for enlightenment; still I continued to attend sesshin after sesshin' but 'I could no longer pour myself into zazen'. Number of sesshin not given. Dates estimated.,sesshin
zen_ak,7,1956.3,450,,0,1,https://terebess.hu/zen/mesterek/KapleauPillars.pdf,low,"'By the following year I had recovered a good deal of my former spirit' - renewed sesshin participation, plus a home-zazen insight one August evening ('I suddenly experienced myself as a ripple spreading endlessly throughout the universe... it was no more than an insight'). Dates estimated.",sesshin
zen_ak,8,1957.6,7,,1,1,https://terebess.hu/zen/mesterek/KapleauPillars.pdf,medium,"KENSHO on day 6 of the one-week August sesshin, confirmed after two dokusan attempts that day. Note he ARRIVED AT NOON ON DAY 2 (business), so exposure was ~5.5 days not 7. Day 4 'I was walloped by the kyosaku, once so hard that my mind and body became momentarily paralyzed'. Roshi's own base rate, quoted: 'Every year at this great sesshin at least one person gets kensho' - and at least two got it that year. Year 1957 ESTIMATED from age 25.",sesshin
zen_lts,1,1954.0,1825,,0,1,https://terebess.hu/zen/mesterek/KapleauPillars.pdf,low,"Mrs L.T.S., American sculptor, age 51. Pre-Zen: 'five years of kriya yoga every day, every night' under Swami Pramananda, following AA sobriety and 8 years of psychiatry. Dates BACK-CALCULATED from the Pendle Hill sesshin (~1963) minus 4 years of zazen minus 5 years of kriya - so start ~1954, uncertain by +/-2y. h/day not stated.",sesshin
zen_lts,2,1959.85,40,,0,1,https://terebess.hu/zen/mesterek/KapleauPillars.pdf,low,"Japan trip (arrived Engaku-ji 'in a cold November rain'). Sat sesshin at Engaku-ji, Ryutaku-ji, briefly Nanzen-ji, and at Ryosen-an/Daitoku-ji. Year 1959 INFERRED from 'a sesshin four years earlier' at Ryutaku-ji relative to Pendle Hill. days=40 is a GUESS aggregating several sesshin. 'painful, painful sitting'. No kensho.",sesshin
zen_lts,3,1959.9,1300,,0,1,https://terebess.hu/zen/mesterek/KapleauPillars.pdf,medium,"Four years of daily zazen: 'Sometimes a long time, sometimes a few minutes, but always, always every day.' h/day explicitly VARIABLE and unquantified - left blank. The row that most resists an hours estimate.",sesshin
zen_lts,4,1961.5,4,,0,1,https://terebess.hu/zen/mesterek/KapleauPillars.pdf,medium,"Delaware sesshin conducted by Nakagawa-roshi, 1961 (year stated). Her own note afterwards: 'I feel that I've been turned inside out, shaken, and rinsed in pure, clear water' - no kensho. Length GUESSED.",sesshin
zen_lts,5,1963.5,4.5,,1,1,https://terebess.hu/zen/mesterek/KapleauPillars.pdf,medium,"KENSHO. Pendle Hill (Pennsylvania) sesshin with Yasutani-roshi, length STATED as 'four and a half days', ~40 participants, koan Mu. Breakthrough on day 3 at the sound of the kinhin bell; confirmed at first dokusan next morning ('Now you understand that seeing Mu is seeing God'). Year 1963 ESTIMATED (Yasutani US tours 1962-69; book pub 1965; she'd sat the 1961 Delaware sesshin). Day 3 featured heavy sleep-fighting: 'my eyes would not stay open - with each breath they closed... a terrible struggle against both sleep and mental torment'. h/day left blank (Yasutani lay sesshin format).",sesshin
zen_lts,6,1963.56,4,,0,1,https://terebess.hu/zen/mesterek/KapleauPillars.pdf,low,"Brewster NY sesshin 'several weeks later', miscellaneous koan zazen. Post-event consolidation row. Length GUESSED.",sesshin
zen_dk,1,1957.0,35,,0,1,https://terebess.hu/zen/mesterek/KapleauPillars.pdf,medium,"Mrs D.K., Canadian, age 35 (= Kapleau's wife, DeVisser). FIVE WEEKS of intensive Mahasi-style vipassana at Mahasi Sayadaw's centre in Rangoon - the strongest sleep-deprivation datapoint in the set with an explicit written pledge: 'to refrain from eating after twelve noon or sleeping more than five hours a night'. Continuous noting including meals; daily noon interview with a preceptor who 'called for detailed accounts of sitting time'. Formal-sitting hours NOT separately stated, so h/day left BLANK despite the ~19h waking-practice envelope. Year ESTIMATED.",sesshin
zen_dk,2,1957.2,150,,0,1,https://terebess.hu/zen/mesterek/KapleauPillars.pdf,low,"Five months resident at Ryutaku-ji (Rinzai) under Soen-roshi. 4 a.m. rise, sutra chanting, sanzen, 'the hours of daily zazen, and even more of sesshin'. Classic monastic Zen daily life; h/day not stated (calibration would be ~3-4). Year ESTIMATED.",sesshin
zen_dk,3,1958.0,35,,0,1,https://terebess.hu/zen/mesterek/KapleauPillars.pdf,low,"Moved to Taihei-ji (Tokyo outskirts) under Yasutani after marrying Kapleau. 'After a few sesshin at the temple...' - sesshin 1-5 of her 6 in Japan, aggregated. Explicitly a LOWER-intensity container: 'the sesshin is less rigidly scheduled than in a monastery in order to allow them to attend as much of it as their jobs permit... there is much coming and going'. Dates and days GUESSED.",sesshin
zen_dk,4,1959.93,7,,1,1,https://terebess.hu/zen/mesterek/KapleauPillars.pdf,low,"KENSHO at the rohatsu sesshin at Taihei-ji, her SIXTH sesshin in Japan. 'the most arduous of the whole year, a constant battle against cold and fatigue'. Rohatsu ends Dec 8, 'which event fell just one day before my own birthday'. She reports 'six or seven hours of continuous zazen' in the run-up to the breakthrough. Year 1959 is a GUESS. h/day left blank because the Yasutani lay format is loosely scheduled.",sesshin
zen_iwasaki,1,1930.9,1850,,0,1,https://terebess.hu/zen/mesterek/KapleauPillars.pdf,medium,"Yaeko Iwasaki, Mitsubishi heiress, bedridden with TB/heart-valve damage. 'Some five years elapsed from the time she began zazen in bed until her first kensho on December 22, 1935', so start ~late 1930. Koan Mu, assigned by Harada Sogaku with instruction 'to absorb herself in it continuously even while lying in bed'; monthly dokusan from Harada. Read Harada's Shobogenzo commentary 17 times. NO SESSHIN AT ALL - she could not attend. h/day is genuinely 'all waking hours' by instruction but never quantified, so BLANK.",sesshin
zen_iwasaki,2,1935.972,6,,1,1,https://terebess.hu/zen/mesterek/KapleauPillars.pdf,high,"First kensho Dec 22 1935, then five further days of rapid deepening documented in dated letters to Harada-roshi, whose written comments confirm each stage (he endorses the final one as 'great enlightenment'). Died ~1 week later, having predicted it. Highest-credibility dating in the corpus (contemporaneous letters), but see notes on outcome selection.",sesshin
zen_seungsahn,1,1947.79,10,,0,1,https://www.kwanumeurope.org/pdf/en/Story_ZMSS.pdf,low,"Seung Sahn (1927-2004). Ordained as a monk in October; 'ten days after his ordination' he left for the mountains. YEAR CONFLICT: the Kwan Um 'Story of ZMSS' PDF says 'October, 1948' but that is chronologically incompatible with the Jan 25 1949 transmission plus a 100-day retreat plus a 100-day Su Dok Sa session; most other Kwan Um sources say October 1947. Using 1947 and flagging it.",monastic
zen_seungsahn,2,1947.82,100,20.0,1,1,https://www.kwanumeurope.org/pdf/en/Story_ZMSS.pdf,medium,"ENLIGHTENMENT ON THE 100TH DAY. 100-day solo retreat on Won Gak Mountain. h_per_day=20 is EXPLICITLY STATED, not inferred: 'For twenty hours every day he chanted the Great Dharani of Original Mind Energy.' Diet: pine needles dried and beaten into powder, nothing else; 'Several times a day he took ice-cold baths'; his skin turned green. Technique is MANTRA/moktak, not sitting koan or vipassana - code accordingly. On the final day, chanting and hitting the moktak, 'his body disappeared into infinite space'. Confidence medium not high because this is devotional hagiography with a single canonical wording repeated across Kwan Um sources; no independent attestation.",sesshin
zen_seungsahn,3,1948.7,100,,0,1,https://www.kwanumeurope.org/pdf/en/Story_ZMSS.pdf,medium,"100-day meditation session (kyol che) at Su Dok Sa monastery, where he learned dharma combat and answered Ko Bong's tests on the 1700 kong-ans. Post-attainment consolidation. h/day not stated (Korean kyol che calibration ~7.5-10). Ko Bong gave Transmission of Dharma on January 25 1949, telling him 'You are a free man'.",monastic
zen_barford,1,2015.12,13,12.0,0,1,https://firekasina.org/,medium,"Duncan Barford, Tower of Hallbar Feb 2015 with Ingram and Weps, same 12+ h/day fire kasina container. HEAVILY FLAGGED: Barford later publicly declared arahatship online and briefly taught under the banner 'Open Enlightenment', then discussed the strongly negative reception. Could not establish whether the declaration predates or postdates this retreat, so event=0 here rather than 1. See notes.",unknown
zen_weps,1,2015.12,13,12.0,0,0,https://firekasina.org/,medium,"Florian Weps, third participant at Tower of Hallbar Feb 2015, same documented container (12+ h/day, two weeks, fire kasina). Selected purely because he documented the retreat, not for outcome. NO attainment claim either way - outcome_known=0, a genuine censored observation.",unknown
zen_stein,1,2010.0,1095,,0,0,https://firekasina.org/wp-content/uploads/2017/11/the-fire-kasina.pdf,low,"Shannon Stein, 'practising like her hair is on fire since first encountering Buddhadharma in 2010'. Lama in the Namgyal lineage (Karma Kagyu) with strong Theravada interest. h/day not stated for this era.",unknown
zen_stein,2,2013.0,60,,0,0,https://firekasina.org/wp-content/uploads/2017/11/the-fire-kasina.pdf,medium,Two-month solo vipassana retreat in 2013 with near-daily remote guidance from Ingram. Length STATED. h/day not stated. Outcome of this retreat not disclosed in the book.,daily
zen_stein,3,2015.79,25,,0,0,https://firekasina.org/wp-content/uploads/2017/11/the-fire-kasina.pdf,medium,"25-day solo fire kasina retreat, October 2015, with daily remote guidance from Ingram; the whole book is the day-by-day log. Length STATED. h/day NOT stated anywhere in the log - the site's general norm is 6-18 h/day, but not imputed to her. She reports 'fruitions' from Day Three onward. outcome_known=0 because she and Ingram deliberately use 'fruition' in a sense they footnote as distinct from 'the cessation of perception', and no first-path date is given - see notes.",daily
zen_vandewetering,1,1958.6,365,,0,1,https://adblankestijn.blogspot.com/2017/04/empty-mirror-by-janwillem-van-de.html,medium,"Janwillem van de Wetering, Daitoku-ji (Kyoto), arrived 1958 as a novice after promising to stay at least eight months, stayed ~1 year under Oda Sesso; koan practice. Rinzai monastic daily life; h/day not stated in accessible sources. NON-ATTAINER: 'the memoir ends on a tone of disillusion'; 'When it all ends, Janwillem van de Wetering has not found any big truths.' Selected because he documented the practice, before knowing the outcome.",sesshin
zen_vandewetering,2,1958.7,7,,0,1,https://en.wikipedia.org/wiki/Janwillem_van_de_Wetering,low,"Representative 7-day sesshin row within the Daitoku-ji year. Length is the standard sesshin container. h/day left BLANK: a claim of 'up to fifteen hours of sitting per day over seven consecutive days' exists but ONLY on an AI-generated encyclopedia page, which is not treated as a source for a number. Treat 15 as unverified rumour, not data.",sesshin
zen_vandewetering,3,1959.6,180,,0,1,https://en.wikipedia.org/wiki/Janwillem_van_de_Wetering,low,"Half a year with Walter Nowick outside the temple, after leaving Daitoku-ji; left when his money ran out. Still no attainment. days=180 from 'half a year'.",unknown
zen_shainberg,1,1951.0,6900,,0,1,https://www.penguinrandomhouse.com/books/164631/ambivalent-zen-by-lawrence-shainberg/,low,"Lawrence Shainberg: 'embraced Zen Buddhism in 1951', formal study with Japanese Zen masters 'from the early 1970s on'. This row is the 1951-1970 pre-formal era; h/day unknown, days is the raw span not a practice count.",zen_daily
zen_shainberg,2,1970.0,9100,,0,1,https://www.penguinrandomhouse.com/books/164631/ambivalent-zen-by-lawrence-shainberg/,low,"~25 years of formal koan/zazen practice with Japanese teachers including many sesshin, to the 1995 memoir. NON-ATTAINER: he presents himself as having spent decades 'approaching, but easily escaping, lasting enlightenment'. THIN DATA - only publisher/Kirkus/Tricycle blurbs were reachable, not the book, so no sesshin count and no hours.",sesshin
zen_aitken,1,1944.0,400,,0,1,https://www.lionsroar.com/robert-aitken-roshi-1917-2010-his-story-and-legacy/,low,"Robert Aitken (1917-2010). Japanese internment camp, Kobe: read R.H. Blyth's 'Zen in English Literature', then was transferred to Blyth's own camp. Intellectual/textual only, essentially no formal sitting - h/day blank, days is the span.",zen_daily
zen_aitken,2,1947.0,1200,,0,1,https://www.lionsroar.com/robert-aitken-roshi-1917-2010-his-story-and-legacy/,low,Post-war lay practice under Nyogen Senzaki in California (Dharma name Chotan). Dates estimated; h/day unknown.,unknown
zen_aitken,3,1950.5,210,,0,1,https://www.lionsroar.com/robert-aitken-roshi-1917-2010-his-story-and-legacy/,medium,"Seven months resident at Ryutaku-ji under Soen Nakagawa, from 1950 - same monastery and roughly the same era as Kapleau's Ryutaku-ji rows, so the containers are comparable. Rinzai monastic daily life; h/day not stated. days=210 from 'seven months'.",sesshin
zen_aitken,4,1957.0,1460,,0,1,https://www.lionsroar.com/robert-aitken-roshi-1917-2010-his-story-and-legacy/,low,1957: first sat with Hakuun Yasutani. Era 1957-1961 of koan study and repeated sesshin (Honolulu/Koko An). Sesshin count not published; h/day unknown.,sesshin
zen_aitken,5,1961.0,7,,0,1,https://www.patheos.com/blogs/monkeymind/2021/07/zen-master-robert-aitken-28850.html,medium,"KEY NON-EVENT. 'He had his first intimations of what Zen is about during a sesshin in 1961, but his teacher Soen Roshi was reluctant to confirm it as more than a little light.' Explicitly NOT confirmed as kensho by the teacher. Length GUESSED at 7 days; h/day unknown. Exactly the kind of teacher-refused-confirmation datapoint a survival model should treat as censoring, not as an event.",sesshin
zen_aitken,6,1961.1,3650,,0,1,https://www.patheos.com/blogs/monkeymind/2021/07/zen-master-robert-aitken-28850.html,medium,"1961-1971: continued koan study and many sesshin; Soen confirmed 'his deeper understanding' in 1971; Yamada Koun gave teaching approval 1974 and full transmission 1985. OUTCOME NON-STANDARD, MUST BE FLAGGED: 'Robert Aitken Roshi let it be known that he had never experienced the dramatic kensho so prized in the Harada-Yasutani tradition; but in Yamada Roshi's opinion he had come to a gradual awakening.' A fully transmitted Harada-Yasutani-lineage master with NO kensho-as-path-moment. If the outcome variable is a discrete event, he is a non-attainer who nonetheless got dharma transmission.",sesshin
zen_ohalloran,1,1979.879,165,,1,1,https://en.wikipedia.org/wiki/Maura_O%27Halloran,low,"Maura 'Soshin' O'Halloran (1955-1982). Arrived Toshoji, Tokyo, 18 Nov 1979 under Tetsugyu Soin Ban; Dharma name 23 Nov 1979. 'After six months she experienced an ecstatic breakthrough, which her Master recognized as enlightenment' - hence event=1 at ~May 1980. CONFIDENCE LOW ON THE DATE: 'six months' is from secondary summaries, not a dated journal entry. h/day NOT stated; her regime was Soto monastic daily life (calibration ~2-4h) plus sesshin plus 'many hours of cleaning and cooking', a month of cold exposure, and begging - low formal hours, very high total austerity. Do NOT impute a retreat h/day here.",sesshin
zen_ohalloran,2,1980.4,800,,0,1,https://en.wikipedia.org/wiki/Maura_O%27Halloran,medium,"Remainder of her '1000 days' of training, Toshoji plus Kannonji (remote northern temple), to Denbo-shiki June 1982 and Hasansai (graduation) 7 Aug 1982; passed her koans. Killed in a bus accident in Thailand 22 Oct 1982. h/day not stated.",sesshin
zen_chadwick,1,1966.0,8000,,0,1,https://tricycle.org/magazine/thank-you-and-ok/,low,"David Chadwick, 22 years with Shunryu Suzuki / San Francisco Zen Center before 1988. Soto shikantaza; no koan curriculum, so 'kensho' is not the tradition's target - relevant to how his outcome is coded. h/day unknown; days is the span.",sesshin
zen_chadwick,2,1988.0,42,,0,1,https://tricycle.org/magazine/thank-you-and-ok/,medium,"Six weeks at Shogoji, Kumamoto (disguised as 'Hogoji' in the book), 1988, under Katagiri; reviewers single out 'the detailed description of the round-the-clock routine of Soto monastic life'. NON-ATTAINER by his own framing - the book is subtitled 'An American Zen Failure in Japan'. h/day left blank: only reviews were reachable, not the schedule. Length STATED as six weeks.",zen_daily
long_folk,1,1990.50,400,,0,1,https://edhamma.github.io/cfitness/,low,Kenneth Folk. Met Bill Hamilton 1990; began practice and did 'several weeks of prerequisite meditation retreats' required before the IMS 3-month; daily hours NOT STATED so blank; days estimated,insight
long_folk,2,1991.70,90,9.0,0,1,https://edhamma.github.io/cfitness/,high,"IMS Barre 3-month retreat fall 1991; Mahasi noting; Bill Hamilton judged he had passed 10 of the 16 nanas - 'had not attained stream entry, but I was close'; h/day INFERRED from IMS published schedule (5.5h sitting + 4.25h walking = 9.75h scheduled formal) discounted for slippage since he says he meditated LESS in the first half; OFF-DIAGONAL very-long-and-intense with NO event - one of the highest-value censored periods in the file",mahasi
long_folk,3,1992.00,90,,0,1,https://edhamma.github.io/cfitness/,low,Between IMS and Asia; delivering pizzas at Domino's to fund a one-way ticket; sold his car; practice level not described so h_per_day blank; days estimated,insight
long_folk,4,1992.25,75,16.0,1,1,https://edhamma.github.io/cfitness/,medium,"STREAM ENTRY at Malaysian Buddhist Meditation Centre Penang under Sayadaw U Rajinda; 'Within about two months of starting my retreat in Malaysia' meditation became uneventful and SE came that afternoon; days=75 = EXPOSURE TO EVENT, the container was a 6-month stay; h/day from his own schedule description (bed 21:00, rise 03:00, sometimes rise 02:00, alternating 1h sitting / 1h walking all waking hours, ~10 min work period); ROWS TERMINATE AT FIRST PATH so the following are notes only: he stayed the full 6 months at MBMC, then 6 months at Panditarama Yangon under Sayadaw U Pandita where he did NOT attain 2nd path (losing 60 lb over the 12-month trip), and attained 2nd path on a later ~4-month trip with Sayadaw U Kundala",monastic
long_adva,1,2011.25,90,11.0,0,1,https://advaharma.wordpress.com/vipassana/summary-of-first-three-months-retreat/,medium,"Adva (Israeli human-rights professional, based London); Panditarama Lumbini Nepal, Mahasi/U Pandita lineage vipassana + metta; h/day from the centre's published schedule she reproduced: 6.5h sitting + 4.5h walking = 11h; reports selflessness/emptiness/still-mind experiences but NO path or cessation claim, 'I still have a very long way to go'; start_year GUESSED: post published 2011-08 and the companion post says the retreat ended ~3 weeks earlier",mahasi
long_adva,2,2011.60,640,11.0,0,1,https://advaharma.wordpress.com/summary-of-two-years-retreat-accept-and-surrender/,low,"Remainder of her total ~2 years of 'on going intensive silent meditation retreats while living in Buddhist monasteries in Nepal and Burma' (bio); same 11h Panditarama-style schedule ASSUMED; no path/cessation claim anywhere, explicitly anti-attainment framing ('it's not about accumulating, attaining'); days=640 = 2yr minus the first 90d, GUESSED; start/end years GUESSED and internally inconsistent on her site",monastic
long_vanwaning,1,2007.70,90,6.0,0,1,https://www.lionsroar.com/inside-the-shamatha-project/,high,"Adeline van Waning MD PhD (Dutch psychiatrist), participant in Shamatha Project RETREAT 2 (began Sept 2007, Shambhala Mountain Center, Colorado; she was wait-list control during retreat 1); shamatha (mindfulness of breathing, settling the mind in its natural state, awareness of awareness) + four immeasurables/tonglen under B. Alan Wallace; she says practice 'varying from five to ten hours a day', MacLean 2010 methods say ~5h/day, Saron lab says ~6h alone/day + 2 group sits -> 6.0 used; reports 'glimpses' of substrate-consciousness qualities, NO path/cessation claim (and the shamatha map is not the Theravada path map); start_year = Sept 2007",unknown
long_brottman,1,2022.70,84,9.0,0,1,https://danielbrottman.substack.com/p/reflections-from-12-weeks-of-meditation,medium,"Daniel Brottman; IMS Barre three-month retreat, fall 2022 (12 weeks); teacher Guy Armstrong; used metta, breath, whole-body, open awareness, mind-as-object; h/day INFERRED from IMS published schedule, NOT stated by him; reports 'permanent perceptual shifts' but makes NO stream-entry claim and says 'it's not always easy to tell... if a certain meditative experience constituted stream entry'; start_year = mid-Sept 2022 (IMS 3-month always Sept->early Dec)",insight
long_brottman,2,2024.06,7,,0,1,https://danielbrottman.substack.com/p/meditation-wrapped-2024,high,jhourney online jhana retreat 22-28 Jan 2024; reports 'light jhana experiences'; hours/day NOT STATED -> blank,insight
long_brottman,3,2024.30,56,,0,1,https://danielbrottman.substack.com/p/meditation-wrapped-2024,medium,Boundless Refuge 8-week retreat Apr-May 2024 (announced in Mar 2024 as a 2-month retreat); hours/day NOT STATED for this one -> blank; start_year approximated as early April,unknown
long_brottman,4,2024.62,28,3.0,0,1,https://danielbrottman.substack.com/p/meditation-wrapped-2024,high,"Zen Mountain Monastery 4 weeks Aug 2024 incl. a 5-day sesshin; his own figure 'about 3 hours a day' (residential Zen training, not intensive vipassana)",sesshin
long_brottman,5,2024.81,56,4.5,0,1,https://danielbrottman.substack.com/p/meditation-wrapped-2024,medium,"The Contemplative Semester, 21 Oct - 15 Dec 2024 (8 weeks); his own figure 'usually 4 or 5 hours of practice a day' for the first 4 weeks, less later -> 4.5 used as mean; no attainment claim",unknown
long_brottman,6,2026.09,21,9.5,0,1,https://danielbrottman.substack.com/p/i-meditated-for-3-weeks,high,"Solo silent home retreat, Boulder CO, 2-22 Feb 2026; his own figure 'around 9 or 10 hours a day' formal; claims jhana 1-2 provisionally, explicitly refuses to claim path: 'it is not for me to claim any victory or understanding or surety' -> still a censored non-attainer as of 2026-02",home_ret
long_bucci,1,2019.68,120,,0,1,https://www.bowdoin.edu/news/2020/05/will-bucci-19-and-his-65-day-silent-retreat.html,low,"Will Bucci (Bowdoin '19); ~4 months of monastery training Sept-Dec 2019 across Temple Forest Monastery NH plus centres in MA, VA, WV, MD, British Columbia, California; Theravada/noting; hours/day NOT STATED and varied by centre -> blank; days=120 from 'four months', start_year GUESSED as early Sept",monastic
long_bucci,2,2019.97,65,14.0,0,1,https://www.bowdoin.edu/news/2020/05/will-bucci-19-and-his-65-day-silent-retreat.html,high,"Panditarama Hse Main Gon Forest Center, Myanmar; 65-day silent retreat, cut short late Feb 2020 by COVID; Mahasi noting; schedule reported in the article: 3:00am wake, meditation 3:30am-9:00pm, breakfast 5:30, lunch 10:30, bed 9:30pm -> ~14h/day (matches the centre's own '12 to 14 hours'); explicit NON-attainment: 'I don't know if I really experienced anything super unique'; declined ordination",mahasi
long_trumbore,1,2023.70,84,9.0,0,0,https://trumbore.org/wp/three-month-meditation-retreat-at-ims/,medium,"Rev. Sam Trumbore (Unitarian minister); IMS Barre three-month retreat 12 Sept - 5 Dec 2023; his pre-retreat post states the aspiration to 'experience the deathless, the Source, aka nibbana'; NO post-retreat report found -> outcome_known=0; h/day INFERRED from IMS published schedule, not stated",insight
long_halay,1,2001.00,730,,0,1,http://thehamiltonproject.blogspot.com/2011/06/yogis-journal-from-chronic-dark-night.html,low,"Nikolai Halay (Australian, later Chile/NYC); 'at least 2 years all up living in the main Goenka Vipassana centre in Australia' as long-term sitter/server, started Goenka practice 2000; hours/day NOT STATED and mixed with service -> blank; days=730 aggregate, start_year GUESSED; no attainment during this era (self-describes as a chronic 'dark night yogi' for 9 years)",goenka
long_halay,2,2004.00,330,,0,1,http://thehamiltonproject.blogspot.com/2011/06/yogis-journal-from-chronic-dark-night.html,low,"~1 year at Dhamma Giri, India (Goenka HQ) studying Pali, serving and sitting; ordained 2 weeks in Burma at some point; 180 days total of formal Goenka courses over 2000-2009; hours/day NOT STATED -> blank; start_year GUESSED",goenka
long_halay,3,2009.99,10,10.5,1,1,http://thehamiltonproject.blogspot.com/2011/06/yogis-journal-from-chronic-dark-night.html,high,"Goenka 10-day course 28 Dec 2009 - 6 Jan 2010; FIRST PATH on day 5 (1 Jan 2010) at ~11:05am, after switching from Goenka body-scanning to Mahasi fast noting per Ingram/Tarin/Folk advice; h/day = standard Goenka timetable (~10.5h formal, 4:30am-9pm) INFERRED not stated; INCLUDED IN THIS SLICE ONLY because his cumulative residential practice is >3 years - the path event itself happened on a 10-day course, i.e. long residency did NOT produce it",mahasi
long_tanja,1,2016.60,75,8.5,0,0,https://www.christophertitmussblog.org/three-burmese-meditation-monasteries-review-from-a-practitioner,low,"'Tanja from Germany', review published on Christopher Titmuss's blog 2017-08-09; Pa-Auk Forest Monastery, Pyin Oo Lwin, 2.5 months; anapanasati->jhanas then vipassana (Pa-Auk method); h/day INFERRED from Pa-Auk Heho published schedule (~8.5-8.6h scheduled group sitting+walking) - branch centre may differ, low confidence; start_year GUESSED entirely from the post date; no outcome reported",monastic
long_tanja,2,2016.85,80,,0,0,https://www.christophertitmussblog.org/three-burmese-meditation-monasteries-review-from-a-practitioner,low,"Shwe Oo Min Meditation Center near Yangon (Sayadaw U Tejaniya lineage), cittanupassana / continuous awareness; the review's '5.5 months total (with 12 days travelling between)' is AMBIGUOUS - may mean Pa-Auk+ShweOoMin combined, so days=80 is a GUESS; hours/day not stated -> blank; start_year GUESSED",monastic
long_tanja,3,2017.35,42,,0,0,https://www.christophertitmussblog.org/three-burmese-meditation-monasteries-review-from-a-practitioner,low,"Chanmyay Myaing Meditation Center, Pyin Oo Lwin, 6 weeks; metta per Visuddhimagga phrases + Mahasi vipassana; hours/day not stated -> blank; start_year GUESSED; no outcome reported",monastic
dho_chris_marti,1,2006.0,1100,,0,1,https://awakenetwork.org/magazine/10-on-the-cushion/15-chris-journal-part-1,low,"MCTB-guided self-taught vipassana, daily home sits. Start year GUESSED from exp_years=5 at time of Part 1 journal (~2011) minus the ~5yr pre-1st-path stretch he describes; he says stream entry ""happened a few years ago"" and he did not know what it was at the time. h_per_day never stated anywhere in 6 journal parts - LEFT BLANK. Off-diagonal: high-volume-daily-only, NEVER on a formal retreat (explicit: ""That's true, I've never been on a formal retreat"").",daily
dho_chris_marti,2,2009.0,90,,1,1,https://awakenetwork.org/magazine/10-on-the-cushion/15-chris-journal-part-1,low,"First path/cessation attained during ordinary daily home practice, no retreat. Date GUESSED (~2009) by back-dating from ""about five years"" between 1st path and 4th path plus 4th path landing ~2013-14. days=90 is an arbitrary containment window for the event, not an observed period boundary - treat as interval-censored.",daily
dho_chris_marti,3,2009.25,1550,,0,1,https://awakenetwork.org/magazine/10-on-the-cushion/17-chris-journal-part-3,medium,"Post-stream-entry era: daily sits, KFD journals Parts 1-4, worked 1-on-1 with Kenneth Folk. 2nd and 3rd path in this window. Still no retreats. h_per_day blank.",daily
dho_chris_marti,4,2013.5,700,,0,1,https://awakenetwork.org/magazine/10-on-the-cushion/19-chris-journal-part-5,low,"Claims 4th path (""awareness became a part of perception... This was not an event""). Later DhO moderator. Included for completeness; irrelevant to first-path survival.",unknown
dho_telecaster,1,2009.4,330,0.75,0,1,https://awakenetwork.org/forum/kfd-archive-wetpaint/12146,medium,"Mike Monson. Started noting practice ~2009 (INFERRED: johnduality index gives exp_years=1.0 at the log where he claims 1st path, dated 2010.4). No retreats at all - pure daily practice. h_per_day 0.75 inferred from logged sit lengths 40min-1h in 2010-03/04 window.",daily
dho_telecaster,2,2010.3,60,0.9,1,1,https://awakenetwork.org/forum/kfd-archive-wetpaint/12344,medium,"1st path claimed in ""Mike Monson's Practice Notes: Dos"", by 2010.42 he refers to 1st path in past tense. Off-diagonal: high-volume-daily-only attainer, ZERO retreat days. h_per_day from logged sits (0.67-1.0h).",daily
dho_telecaster,3,2010.5,150,0.85,0,1,https://awakenetwork.org/forum/kfd-archive-wetpaint/12424,medium,"Post-SE, working toward samatha jhanas; disappointed they didn't come automatically. Daily sits continue ~50min. 2nd path claimed later in ""Monson notes III"".",daily
dho_antero,1,2009.9,180,0.6,0,1,https://awakenetwork.org/forum/kfd-archive-wetpaint/12231,medium,"Antero (Finland), KFD. Start INFERRED from exp_years=0.5 at journal 1 (2010.42). Daily home sits, logged lengths 10min-2h10m, median ~35-45min. Mahasi-style noting, coached by Kenneth Folk.",mahasi
dho_antero,2,2010.42,120,0.7,1,1,https://awakenetwork.org/forum/kfd-archive-wetpaint/12231,medium,"1st path in this window (journal 1 discusses ""first path"" from 2010.5; by 2010.67 it is past tense and he is working 2nd path). ~11 months from start - very fast. One ~10h day logged at 2010.5, otherwise daily-only. Off-diagonal: fast daily-only attainer.",daily
dho_antero,3,2010.75,120,0.7,0,1,https://awakenetwork.org/forum/kfd-archive-wetpaint/12378,medium,"2nd path era, daily sits 15min-1h.",daily
dho_antero,4,2011.15,6,9.0,0,1,https://awakenetwork.org/forum/kfd-archive-wetpaint/12378,medium,5-6 day intensive retreat; logged 4h and 9h figures. h_per_day 9.0 GUESSED as the upper logged figure being the daily total. Off-diagonal: short-and-hard. 3rd/4th path claimed around this window.,daily
dho_antero,5,2011.2,500,0.6,0,1,https://awakenetwork.org/forum/kfd-archive-wetpaint/12634,low,Claims 4th path from ~2011.9 onward; journals 3-5 plus a Tummo sidetrack. Volume tapers.,unknown
dho_antero,6,2012.5,14,7.0,0,1,https://awakenetwork.org/forum/kfd-archive-wetpaint/12916,low,"~1-2 week Tummo/kasina self-intensive, 7h/day logged. Post-attainment, included for dose-response on the intensity axis.",unknown
dho_yadid,1,2008.9,730,1.0,0,1,https://awakenetwork.org/forum/kfd-archive-wetpaint/12542,medium,"Yadid (Israel). Start INFERRED from exp_years=2.0 at journal #2 (2010.9). Mahasi noting + Goenka. Daily 30min-1h sits, working full-time then cut to 2-3 days/week work.",mahasi
dho_yadid,2,2010.9,3,10.5,0,1,https://awakenetwork.org/forum/kfd-archive-wetpaint/12542,high,"3-day Goenka retreat (""basically 2 full days of meditation, and a bit""). h_per_day 10.5 = standard Goenka schedule. Ended in Dark Night with third-eye headache.",goenka
dho_yadid,3,2011.0,120,2.5,0,1,https://awakenetwork.org/forum/kfd-archive-wetpaint/12684,high,"Daily-only era, explicit: ""I still try to keep up my daily ~3 x 1 hour sittings"" and elsewhere ""Im sitting 3/4/5 hours a day now to get this going."" Took 2.5 as a conservative mean. Reached Equanimity, cycled back into Dark Night repeatedly.",daily
dho_yadid,4,2011.33,7,8.0,0,1,https://awakenetwork.org/forum/kfd-archive-wetpaint/12728,medium,"7-day retreat with Christopher Titmuss (Israel tour). h_per_day 8.0 INFERRED from Western insight-retreat schedule (Titmuss retreats are ~8h sitting/walking); not stated. Explicit non-attainment: ""I'm prety sure I didn't hit first path yet.""",unknown
dho_yadid,5,2011.5,120,,0,1,https://awakenetwork.org/forum/kfd-archive-wetpaint/12728,high,"STOPPED practising: ""I stopped practicing for about 4 months after chilling out in Equanimity."" h_per_day ~0, left blank rather than writing 0 - this is a gap period, may want to drop or zero it depending on model.",unknown
dho_yadid,6,2011.9,150,1.0,0,1,https://awakenetwork.org/forum/kfd-archive-wetpaint/12976,medium,"""Yadid's re-ignited practice"" - back to daily sitting. Log peters out early 2012 with no path claim. johnduality index records attainment_claimed=""no attainment"" for this final log. CENSORED at ~3.2 years total exposure.",daily
dho_limbicsail,1,2010.9,400,0.6,0,1,https://awakenetwork.org/forum/kfd-archive-wetpaint/12592,medium,"limbicsail (US), KFD. ""practicing seriously for a little over a year now"" as of 2012.17, so start ~2010.9-2011.0. Daily sits logged 10min-1.5h; teacher Ron/Jayson. h_per_day 0.6 from logged sit distribution.",daily
dho_limbicsail,2,2011.9,10,10.5,0,1,https://awakenetwork.org/forum/kfd-archive-wetpaint/12933,high,"10-day Goenka course. Explicit: ""just before this took a 10 day retreat at a Goenka center in which I seemed to leave the DN into equanimity."" h_per_day 10.5 = Goenka standard schedule.",goenka
dho_limbicsail,3,2012.2,10,6.0,0,1,https://awakenetwork.org/forum/kfd-archive-wetpaint/13025,medium,"Self-organised HOME retreat: ""It began with 10 days of sitting in my apartment."" h_per_day 6.0 GUESSED from the sit-by-sit log (many 20-60min sits per day plus walking); not stated as a total. Off-diagonal: self-organised home retreat.",home_ret
dho_limbicsail,4,2012.23,10,9.0,0,1,https://awakenetwork.org/forum/kfd-archive-wetpaint/13025,medium,"Immediately followed by 10 days at a retreat centre with only a ~36h break: ""I'd been doing it for 10 days with only a 36 hour break or so."" Combined this is a ~20-day intensive block. h_per_day 9.0 GUESSED (centre schedule).",unknown
dho_limbicsail,5,2012.3,300,0.5,0,1,https://awakenetwork.org/forum/kfd-archive-wetpaint/13060,medium,"Back to daily 15-50min sits, spontaneous A&P shimmerings. Logs end early 2013. Never claimed any path; johnduality index has attainment_claimed=""never claimed"" on the last two logs. CENSORED at ~2.2 years.",daily
dho_kevin_andrew,1,2016.5,1280,0.5,0,1,https://www.dharmaoverground.org/discussion/-/message_boards/message/23978290,medium,"Goenka-style Vipassana. Explicit at 2022-06: ""I practise Goenka-style Vipassana. 6 years, last 2 years seriously"" -> start ~2016.5. First ~3.5 years non-serious; h_per_day 0.5 GUESSED (below the Goenka-prescribed 2h since he calls it non-serious).",goenka
dho_kevin_andrew,2,2020.0,900,2.0,0,1,https://www.dharmaoverground.org/discussion/-/message_boards/message/23978290,high,"""last 2 years seriously"" = the prescribed Goenka twice-daily 1h sits. Confirmed by log text (""Both sits today were quite intense"") and logged h values of 1.0 and 2.0. Off-diagonal: high-volume-daily, 2h/day sustained.",goenka
dho_kevin_andrew,3,2022.45,1330,2.0,0,1,https://www.dharmaoverground.org/discussion/-/message_boards/message/23978290,high,"Log era 2022-06 through 2026-02. Twice-daily hour sits maintained throughout, plus periodic Goenka courses. Describes deepening sensation-sweep, TTOTSOMH, permanent-feeling changes but NEVER claims path or cessation. johnduality: attainment_claimed=never claimed. CENSORED at ~9.7 years total.",goenka
dho_kevin_andrew,4,2022.7,10,10.5,0,1,https://www.dharmaoverground.org/discussion/-/message_boards/message/23978290,medium,"A 10-day Goenka course inside the log era (multiple such courses across 2022-2025; also a satipatthana course, and was invited to a 20-day course which he did not clearly report sitting). h_per_day 10.5 = Goenka standard.",goenka
dho_kevin_andrew,5,2023.55,10,12.0,0,1,https://www.dharmaoverground.org/discussion/-/message_boards/message/23978290,low,"Second course in the log era; a ""12 hours"" figure and a monk mention appear at 2023-07. h_per_day 12.0 taken from that figure, but the attribution is UNCERTAIN - could be someone else's post. Flagged in notes.",monastic
dho_ashley_k,1,2022.9,90,0.5,0,1,https://www.dharmaoverground.org/discussion/-/message_boards/message/24853504,medium,"Ashley K, DhO. First log opens 2023-01 with exp_years=0.5 -> start ~2022.9. Mahasi-style noting, no teacher initially. h_per_day 0.5 from logged sit lengths.",mahasi
dho_ashley_k,2,2023.05,730,0.8,0,1,https://www.dharmaoverground.org/discussion/-/message_boards/message/25858268,high,"Dense near-daily logging 2023-01 to 2024-10 across logs 2 and 3. Logged sit lengths overwhelmingly 20min-1h with several sits per day; 0.8 is the mean of the logged distribution. Discusses stream entry constantly as a goal but claims none. johnduality: attainment_claimed=""no attainment"".",daily
dho_ashley_k,3,2023.85,5,8.0,0,1,https://www.dharmaoverground.org/discussion/-/message_boards/message/25858268,low,"A retreat appears at 2023-11 with 3.0 and 4.0 hour figures and ""5 days"" / ""3 weeks"" length mentions. Length 5 days GUESSED; h_per_day 8.0 GUESSED from generic Western retreat schedule and NOT stated. Low confidence - may be a home retreat at much lower dose.",home_ret
dho_ashley_k,4,2024.6,10,,0,1,https://www.dharmaoverground.org/discussion/-/message_boards/message/28244502,low,"A ""10 days"" / ""5 days"" retreat block at 2024-08 with a 7.0h figure. Type unidentified, h_per_day LEFT BLANK - could not determine whether the 7.0 was a daily total or a single long sit.",daily
dho_ashley_k,5,2024.8,470,0.8,0,1,https://www.dharmaoverground.org/discussion/-/message_boards/message/41518405,high,"Log 4, resumes 2025-12 through 2026-02 with the same 20min-2h sit pattern. Still no attainment claim after ~3.4 years of dense logging. CENSORED. One of the best-documented censored observations in this dataset.",unknown
dho_auntie_antei,1,2018.0,2200,0.5,0,1,https://www.dharmaoverground.org/discussion/-/message_boards/message/33835310,medium,"Explicit: ""I started formal daily practice in 2018 with Stephen Procter's MIDL 52-week playlist on Insight Timer."" h_per_day 0.5 GUESSED - MIDL guided sits are typically 20-40min and she says she had ""hardly any knowledge or context"".",daily
dho_auntie_antei,2,2024.8,90,,0,1,https://www.dharmaoverground.org/discussion/-/message_boards/message/33853243,medium,"THREE-MONTH SOLO RETREAT, winter 2024-25. Explicit at 2025-01-21: ""Just finished my first three month retreat."" Dedicated log thread exists. h_per_day LEFT BLANK - the retreat log is day-by-day narrative without a stated daily total, and I did not read all 3 months. Off-diagonal: very-long, self-organised.",home_ret
dho_auntie_antei,3,2025.06,240,6.0,0,1,https://www.dharmaoverground.org/discussion/-/message_boards/message/34880281,medium,"Continuous solo-retreat lifestyle resumes/continues, logged in exhaustive timestamped detail (""Slept 23:25-2:00... 10:20-13:20..."" etc). h_per_day 6.0 INFERRED by summing the logged sitting blocks in sampled days; not stated as a total. Working with an ""Ariya spiritual friend and teacher"".",unknown
dho_auntie_antei,4,2025.7,300,6.5,0,1,https://www.dharmaoverground.org/discussion/-/message_boards/message/38574293,medium,"Continues; 2025-09 onwards. By 2025-12 she notes ""it's been more than three months of trying as hard as I can."" Sampled days show 3h pre-breakfast + 3h post-breakfast + extra sits. h_per_day INFERRED, not stated.",unknown
dho_auntie_antei,5,2026.5,180,6.5,0,1,https://www.dharmaoverground.org/discussion/-/message_boards/message/44462963,medium,"2026-01 to 2026-07: sustained 3h+3h pattern (""1/29 3h02m pre breakfast... 3h03m post""). Explicitly still pre-attainment: log 5 titled ""Effortless Trusting Surrender"", johnduality attainment_claimed=Equanimity, and at 2026-06 ""further into EQ territory now than ever before."" CENSORED after ~8.5 years and ~2 years of near-continuous retreat at 6+ h/day. THE most valuable off-diagonal censored case here.",unknown
dho_george_s,1,2018.8,330,1.5,0,1,https://www.dharmaoverground.org/discussion/-/message_boards/message/15763667,medium,"George S / ""agnostic"". Start INFERRED from 2021-04 post: ""the 2.5 years since I started meditating"" -> ~2018.8. Ajahn Maha Bua body-parts contemplation, kundalini, self-directed, NO retreats. h_per_day 1.5 from later explicit ""sitting fairly consistently for 1-2 hours a day"" (2020-07).",unknown
dho_george_s,2,2019.7,120,1.5,1,1,https://www.dharmaoverground.org/discussion/-/message_boards/message/15763667,low,"Claims first path somewhere in late 2019 - by 2020-04 he is already writing about ""post 4th"". Event placement is a GUESS. outcome_known=0 because the claim is not credible on the standard criteria (see notes: he explicitly rejects the map, says ""I don't believe anyone actually reaches 4th"", and describes DPDR-adjacent phenomenology; Chris Marti challenges him in-thread).",unknown
dho_george_s,3,2020.0,1200,1.5,0,1,https://www.dharmaoverground.org/discussion/-/message_boards/message/21611731,medium,"Logs 2-7, 2020-2023, self-directed daily 1-2h, no retreats. Claimed attainment across the 8 logs is wildly inconsistent (johnduality records 3rd path, 4th path, no attainment, 1st path, never claimed, 3rd path, 4th path, 4th path in thread order). Off-diagonal: high-volume-daily-only, no retreat, 4+ years.",daily
dho_martin,1,2006.0,5400,,0,1,https://www.dharmaoverground.org/discussion/-/message_boards/message/22024623,low,"Martin (DhO moderator). johnduality gives exp_years=15 at ""Martin's sporadic log"" -> start ~2006. Pre-log era, no data. h_per_day BLANK.",unknown
dho_martin,2,2021.0,120,0.8,0,1,https://www.dharmaoverground.org/discussion/-/message_boards/message/22715276,medium,"Dense daily logging Jan-Apr 2021. Logged sit lengths 5min-1.5h with several per day plus one 3h day; 0.8 is the mean. No retreats in this era. johnduality: attainment_claimed=""no attainment"" for Log 2.",daily
dho_martin,3,2021.3,1100,0.6,0,1,https://www.dharmaoverground.org/discussion/-/message_boards/message/23922732,medium,"Log 3 era 2022-2024. Sparser logging, sits 15min-1h, occasional retreat mentions but nothing clearly attended by him. Discusses stream entry/sotapanna analytically. Never claims a path. CENSORED at ~18 years. NOTE: the johnduality AI labelled Log 3 likely_highest_attainment=4th path, which contradicts both his own statements and Log 2's ""no attainment"" - see notes.",unknown
dho_peter_de_waal,1,2018.5,1800,,0,1,https://www.dharmaoverground.org/discussion/-/message_boards/message/25445798,low,"Peter de Waal. johnduality exp_years=4-5 at the 2023 logs -> start ~2018-2019. Pre-log era, h_per_day BLANK.",unknown
dho_peter_de_waal,2,2023.4,240,1.2,0,1,https://www.dharmaoverground.org/discussion/-/message_boards/message/25445798,high,"Mahasi noting, log thread opens as ""Meditation advise for a stuck fellow."" Dense sit-by-sit log 2023-06 to 2023-12, typical sits 30-60min, often two or three per day; 1.2 is the mean of the logged distribution.",mahasi
dho_peter_de_waal,3,2023.95,5,8.0,0,1,https://www.dharmaoverground.org/discussion/-/message_boards/message/34102925,medium,"5-day Mahasi retreat around 2023-12/2024-01 (a 6.0h figure appears at 2023-12 and ""5 day""/""5-day"" recurs). h_per_day 8.0 GUESSED from a Western Mahasi retreat schedule; the 6.0 figure may actually be the daily total, in which case 6 is better.",mahasi
dho_peter_de_waal,4,2024.1,300,1.2,0,1,https://www.dharmaoverground.org/discussion/-/message_boards/message/34102925,high,"Daily practice continues 2024-01 to 2024-12, sits 10min-1h, several per day.",daily
dho_peter_de_waal,5,2024.4,5,7.0,0,1,https://www.dharmaoverground.org/discussion/-/message_boards/message/34102925,medium,"Another 5-day retreat at 2024-05, with 4.75h and 5.5h figures logged (these look like actual daily sitting totals). h_per_day 7.0 GUESSED as a bit above the logged sitting totals to account for walking periods.",daily
dho_peter_de_waal,6,2025.0,90,1.5,0,1,https://www.dharmaoverground.org/discussion/-/message_boards/message/34102925,medium,"Early 2025, another 5-day retreat plus 2h/day daily. Log ends 2025-02 discussing cessation without claiming one. Thread title is ""Peter's path to what exacly?"". johnduality: attainment_claimed=Equanimity both logs. CENSORED at ~6.5 years.",daily
dho_siavash,1,2014.0,1500,,0,1,https://www.dharmaoverground.org/discussion/-/message_boards/message/13519742,low,Siavash (Iran). Eight numbered practice logs. Start INFERRED from exp_years=2 at Log 1 and 8 at Log 4; earliest logs predate the dated window I extracted. h_per_day BLANK for the pre-2019 era.,unknown
dho_siavash,2,2019.3,270,1.5,0,1,https://www.dharmaoverground.org/discussion/-/message_boards/message/20832167,medium,"Fire kasina + noting + jhana work, 2019. Logged sits mostly 20min-2h. h_per_day 1.5 estimated from that distribution. Larger figures in the same months (5-12h) are self-organised intensive days, split out below.",home_ret
dho_siavash,3,2019.9,5,15.0,0,1,https://www.dharmaoverground.org/discussion/-/message_boards/message/21689099,low,"Self-organised home fire-kasina intensive, ~2020-01, with a logged 15.0h figure and ""5 days"" mentioned. Off-diagonal: SHORT-AND-BRUTAL. Length 5 days GUESSED; the 15.0h is a logged figure but I could not verify it is a daily total for the whole block.",home_ret
dho_siavash,4,2020.2,4,18.0,0,1,https://www.dharmaoverground.org/discussion/-/message_boards/message/21689099,low,"2020-03 block with logged figures 10.0, 18.0, 20.0 hours and ""4 days"". Off-diagonal: extreme short-and-brutal, self-organised, fire kasina. h_per_day 18.0 is the middle logged figure - GUESSED as the daily total. Length 4 days GUESSED.",home_ret
dho_siavash,5,2020.3,540,2.0,0,1,https://www.dharmaoverground.org/discussion/-/message_boards/message/22192593,medium,"2020-04 to 2021-11, heavy mixed practice. Explicit at 2020-06: ""For most of this 10 days, I've been practicing more than my usual, maybe 3-8 hours a day most days."" Baseline outside those pushes looks like ~2h/day. Repeated multi-day home intensives at 8-12h/day throughout - I did NOT itemise them all.",unknown
dho_siavash,6,2020.45,10,5.5,0,1,https://www.dharmaoverground.org/discussion/-/message_boards/message/22192593,high,"The explicitly-described 10-day home push: ""maybe 3-8 hours a day most days"". h_per_day 5.5 = midpoint of his own stated range. Off-diagonal: self-organised home retreat at real intensity.",home_ret
dho_siavash,7,2022.0,150,,0,1,https://www.dharmaoverground.org/discussion/-/message_boards/message/23332140,low,"2022: practice volume drops sharply - he says he is working ""over 10-15 hours a day"" on a project. Logs 2022-04/05/06 are sparse. h_per_day BLANK (the 10-15h figure is WORK, not meditation - do not mistake it). Log 8 ends 2022-06 with no path claim. johnduality: attainment_claimed ""no attainment""/""never claimed"" across logs 2,3,8. CENSORED at ~8 years with several hundred hours of >10h/day intensive practice. Highest-value censored case on the intensity axis.",unknown
dho_ryan_kay,1,2013.0,4300,,0,1,https://www.dharmaoverground.org/discussion/-/message_boards/message/34211562,low,"Ryan Kay. Nine numbered logs 2025-2026; johnduality exp_years ranges 5-17 across them, and a ""17 years"" mention appears at 2025-02. Pre-log era undocumented, h_per_day BLANK. Start year 2013 is a GUESS splitting the 5 vs 17 year discrepancy toward the middle.",unknown
dho_ryan_kay,2,2025.1,240,0.6,0,1,https://www.dharmaoverground.org/discussion/-/message_boards/message/34211562,high,"Logs 1-2, 2025-02 to 2025-09. Very dense sit-by-sit logging, sits 10min-1h, usually one or two per day. Desk job, 12h/day screen time - explicitly constrained volume. Fire kasina + jhana + noting.",daily
dho_ryan_kay,3,2025.78,15,8.5,1,1,https://www.dharmaoverground.org/discussion/-/message_boards/message/40252858,high,"FIRE KASINA RETREAT October 2025, dedicated log thread. Explicit: ""my goal was to hit an average of 8 hours per day... I ended up meditating somewhere around 8.5 hours per day on average."" Best-quantified retreat in the dataset. event=1 and outcome_known=0: the johnduality AI reads logs 4-7 as likely 1st path and cessation/stream-entry language spikes here, but Ryan HIMSELF never claims a path in any of the nine logs (attainment_claimed=never claimed throughout). Genuinely ambiguous - flagged in notes. Length 15 days GUESSED from a ""15 day"" mention; may be shorter.",daily
dho_ryan_kay,4,2025.83,120,0.7,0,1,https://www.dharmaoverground.org/discussion/-/message_boards/message/40254749,high,"Post-retreat log 4, 2025-11 to 2025-12. Back to daily 20min-1h sits. Reports something ""still gone"" at a level below thinking, plus ongoing cessations/fruitions discussion, but no path claim.",daily
dho_ryan_kay,5,2026.0,150,0.6,0,1,https://www.dharmaoverground.org/discussion/-/message_boards/message/41963201,high,"Log 5, EEG recordings of his own practice - a quantified-self meditator. Daily 20min-45min sits. Says at 2025-12 ""I feel like an hour per day would be better overall for this kind of experiment"" and is considering going part-time.",daily
dho_ryan_kay,6,2026.4,60,0.6,0,1,https://www.dharmaoverground.org/discussion/-/message_boards/message/43993612,high,"Logs 6-7, 2026-03 to 2026-06. Daily sits continue at the same dose.",daily
dho_ryan_kay,7,2026.45,8.5,10.0,0,1,https://www.dharmaoverground.org/discussion/-/message_boards/message/44432528,high,"Self-organised HOME intensive: explicit at 2026-06-30, ""8.5 days of fairly rigorous practice while still participating in regular life for 4-6 hours a day... I realize 10 hours per day was just a bit too much."" Off-diagonal: high-intensity self-organised at home while working. Excellent numbers.",home_ret
dho_ryan_kay,8,2026.5,60,0.7,0,1,https://www.dharmaoverground.org/discussion/-/message_boards/message/45021811,high,"Log 8, ""The Bastard (i.e. the self) Moves!"", running as of 2026-07. Still no path claim after nine logs. Whether to score him as attainer or censored is the single biggest judgement call in this dataset.",unknown
dho_jim_smith,1,2003.0,4000,,0,1,https://www.dharmaoverground.org/discussion/-/message_boards/message/8496517,low,"Jim Smith. Mentions ""17 years"" (2022) and ""20 years"" (2023) and ""30 years"" of practice; start ~2003 or earlier is a GUESS. Self-devised low-effort technique. h_per_day BLANK.",unknown
dho_jim_smith,2,2021.8,60,0.5,0,1,https://www.dharmaoverground.org/discussion/-/message_boards/message/23406442,medium,"Log #2 era. Only concrete sit lengths in the whole corpus are 0.5h. NO retreats ever - he explicitly positions his method against practices ""where you have to meditate for hours a day and go on retreats."" Off-diagonal: long-and-very-gentle, decades at ~30min/day.",unknown
dho_jim_smith,3,2022.0,700,0.5,0,1,https://www.dharmaoverground.org/discussion/-/message_boards/message/25556111,medium,"Logs #3-#4, 2022-2023. Discusses cessation/fruition/sotapanna/4th path analytically and at length but claims nothing for himself. johnduality: attainment_claimed=""never claimed"" on all four logs. CENSORED at ~20 years. NOTE: the AI assigned likely_highest_attainment=1st path to logs #2 and #3, which I do not accept - see notes.",unknown
dho_bagpuss,1,2010.5,730,,0,1,https://www.dharmaoverground.org/discussion/-/message_boards/message/3274093,low,"Bagpuss The Gnome, DhO. johnduality exp_years 1.5-4 across five logs. Earliest logs (Experiments in Noting, Kayagatasati) fall outside my dated extraction window. h_per_day BLANK for the early era.",unknown
dho_bagpuss,2,2012.5,60,1.0,0,1,https://www.dharmaoverground.org/discussion/-/message_boards/message/3776782,medium,"Jhana practice log, 2012-07/08. Sits 40min-1h10m plus a 2.0h figure. Discusses Goenka, Mahasi and Pa Auk styles.",mahasi
dho_bagpuss,3,2012.6,10,10.5,0,1,https://www.dharmaoverground.org/discussion/-/message_boards/message/4174251,medium,"10-day Goenka course, 2012-08 (""10 day"" plus goenka keyword in the same month; a second 10-day appears at 2012-11). h_per_day 10.5 = Goenka standard schedule. Retreat attendance is CONFIRMED by the johnduality index (retreat=Retreat on three of five logs) but the exact course dates are INFERRED from month-level keyword co-occurrence.",goenka
dho_bagpuss,4,2012.75,180,0.8,0,1,https://www.dharmaoverground.org/discussion/-/message_boards/message/4174251,medium,"Late 2012 to early 2013, ""Brain Pain Log"". Sits 20min-1h10m. Reaches Equanimity, discusses cessation, claims no path.",unknown
dho_bagpuss,5,2013.25,2600,,0,1,https://www.dharmaoverground.org/discussion/-/message_boards/message/21574267,low,"Long gap, then ""Bagpuss' Notes"" reappears at 2020-08 with johnduality likely_highest_attainment=A&P and attainment_claimed=never claimed - i.e. eight years on, still no path. h_per_day BLANK, volume unknown during the gap. CENSORED.",unknown
dho_papa_che,1,2009.0,3900,,0,0,https://www.dharmaoverground.org/discussion/-/message_boards/message/19872769,medium,"Papa Che Dusko (Norway/Serbia). Explicit: ""since I started meditating in 2009, I always had a practice."" Pre-log era, h_per_day BLANK.",unknown
dho_papa_che,2,2019.7,180,0.75,0,0,https://www.dharmaoverground.org/discussion/-/message_boards/message/19872769,medium,"""Freestyle Noting Aloud"" log, from 2019-2020. Sits consistently 45min (0.75 recurs constantly across all eleven logs). Open-eyes chair practice ""as I did since 2019"". No retreats anywhere in eleven logs.",unknown
dho_papa_che,3,2020.25,600,0.8,0,0,https://www.dharmaoverground.org/discussion/-/message_boards/message/21448975,medium,"Logs 2-5, 2020-04 to 2021-10. Daily 45min-1h noting-aloud plus Ki breathing, occasional 3-4h and one 7-8h day (2020-11). Off-diagonal: high-volume-daily-only, zero retreats, 15+ years.",daily
dho_papa_che,4,2021.9,1200,,0,0,https://www.dharmaoverground.org/discussion/-/message_boards/message/22799413,low,"Later logs through 2025-02, sparser. h_per_day BLANK. outcome_known=0 across all his rows: his claims across eleven logs are mutually contradictory - johnduality records, in thread order, ""no attainment"", ""1st path"", ""2nd path"", ""1st path"", ""never claimed"", ""never claimed"", ""4th path"", ""never claimed"", ""no attainment"", ""1st path"", ""2nd path"". See notes - this person should NOT be scored as either an attainer or a clean censoring without reading all eleven threads in full.",unknown
dho_nihila,1,2017.0,2400,,0,1,https://www.dharmaoverground.org/discussion/-/message_boards/message/26069006,low,"Nihila. Explicit at 2024-02: had ""not meditated at all for 6-7 years"" before the current push, so there was an earlier practice era ending ~2017. Nothing known about it. h_per_day BLANK. (Note: URL is Natheris' log, where the quote appears; Nihila has four of her own logs in the index.)",unknown
dho_nihila,2,2023.95,50,2.0,0,1,https://www.dharmaoverground.org/discussion/-/message_boards/message/26069006,high,"Explicit and unusually precise: ""I've gone pretty hard on meditation for about 50 days, 1.5-2.5h per day (from not having meditated at all for 6-7 years)."" h_per_day 2.0 = midpoint of her stated range. Reports insights and dropping neurotic patterns, no cessation, no path claim. johnduality: attainment_claimed=never claimed on all four Nihila logs, exp_years up to 6. CENSORED.",daily
dho_nath_eris,1,2022.0,600,,0,1,https://www.dharmaoverground.org/discussion/-/message_boards/message/26069006,low,Nath Eris. johnduality exp_years=2.0 at log open (2023-10) -> start ~2021.8. Pre-log era h_per_day BLANK.,unknown
dho_nath_eris,2,2023.78,140,0.6,0,1,https://www.dharmaoverground.org/discussion/-/message_boards/message/26069006,high,"Dense sit-by-sit log 2023-10 to 2024-02, 147 posts. Sits 5min-1h10m, occasionally 1.5-2h; mean ~0.6h. NO retreats (johnduality retreat=No Retreat). Off-diagonal: pure daily-only, modest dose. Log stops at 2024-02 at A&P with no path claim. CENSORED (short exposure).",daily
dho_finding_oneself,1,2013.5,180,,0,1,https://www.dharmaoverground.org/discussion/-/message_boards/message/5544401,low,"finding-oneself / Alex. Thread ""1st Retreat - 10 Day Goenka"" establishes his first retreat. Pre-retreat era undocumented, h_per_day BLANK.",goenka
dho_finding_oneself,2,2013.9,10,10.5,0,1,https://www.dharmaoverground.org/discussion/-/message_boards/message/5544401,high,"First retreat, 10-day Goenka. h_per_day 10.5 = Goenka standard schedule. Retreat type and length are from the thread title, so high confidence.",goenka
dho_finding_oneself,3,2014.0,365,1.5,0,1,https://www.dharmaoverground.org/discussion/-/message_boards/message/5544401,medium,"Post-Goenka daily era. Explicit at 2014-06: ""I still do it but just not the prescribed 2 hours per day usually."" h_per_day 1.5 GUESSED as somewhat under the prescribed 2h given ""feeling pretty lazy with vipassana"".",goenka
dho_finding_oneself,4,2015.0,2400,,0,1,https://www.dharmaoverground.org/discussion/-/message_boards/message/23113932,low,"Long absence from DhO (""I used to post here a few years ago when I was a bit younger""), during which his brother died. h_per_day BLANK, volume unknown.",unknown
dho_finding_oneself,5,2021.65,120,0.4,0,1,https://www.dharmaoverground.org/discussion/-/message_boards/message/23113932,high,"""(Practice log) Broken F00t Meditation"" - recovery-from-injury log, 2021-08 onwards. Explicit 10-20min sits (""I just sit for 10 minutes and note rapidly"", ""20m"", ""a meager 20""). johnduality: attainment_claimed=""no attainment"", exp_years=5, across four logs including Alex's Practice Log 3. CENSORED at ~8 years.",unknown
dho_j_w,1,2019.0,365,0.3,0,1,https://www.dharmaoverground.org/discussion/-/message_boards/message/18687566,medium,"John W / J W, DhO, seven logs 2020-2026. johnduality exp_years=1.0 at ""John's Journal"" (opens 2020-02) -> start ~2019. Mahasi noting. h_per_day 0.3 from logged sits (5-20min) in 2020-02.",mahasi
dho_j_w,2,2020.1,150,0.7,0,1,https://www.dharmaoverground.org/discussion/-/message_boards/message/18687566,medium,"2020-02 to 2020-07, ramping up: sits 30min-1.5h plus 2-6h days appearing at 2020-04/05. Goenka and 3-day retreat mentions in 2020-04.",goenka
dho_j_w,3,2020.27,10,10.5,0,1,https://www.dharmaoverground.org/discussion/-/message_boards/message/21527131,medium,"10-day retreat (Goenka keyword co-occurs with ""10 days"" at 2020-04). h_per_day 10.5 = Goenka standard. Course date INFERRED from month-level keyword co-occurrence, not stated.",goenka
dho_j_w,4,2020.5,60,3.0,1,1,https://www.dharmaoverground.org/discussion/-/message_boards/message/21527131,medium,"1st path claimed around 2020-07 (""1st path"" and ""2nd path"" both appear, with 3.0 and 5.0h figures, in a log whose johnduality attainment_claimed=1st path). h_per_day 3.0 from logged figures. Event date is INFERRED to month resolution.",unknown
dho_j_w,5,2020.6,1200,0.4,0,1,https://www.dharmaoverground.org/discussion/-/message_boards/message/22044456,medium,"2021-2023, much lower volume (15-45min sits), plus a ""Looking for Advice - Dealing with Voidness and Head Pressure"" thread. Attainment claims across his seven logs oscillate: no attainment, 1st path, never claimed, 2nd path, no attainment, 1st path, 1st path. Mildly inconsistent - flagged.",unknown
dho_j_w,6,2023.8,10,10.5,0,1,https://www.dharmaoverground.org/discussion/-/message_boards/message/24336653,medium,"Another 10-day retreat, 2023-10/12 (""10 day"" recurs in both months alongside retreat/2nd path discussion). h_per_day 10.5 GUESSED as Goenka-style.",goenka
dho_j_w,7,2024.85,600,0.5,0,1,https://www.dharmaoverground.org/discussion/-/message_boards/message/39564254,medium,"2024-11 through 2026, ""JW's Mostly Meditation-related musings"" then ""JW 2026 Pre-Retreat Log"" (the most active thread on DhO as of 2026-08). Sits 10-45min, a 6-8h day at 2025-11, preparing for a 10-day retreat in 2026-06. Post-first-path era.",unknown
dho_supermonkey,1,2019.6,1150,,0,1,https://www.dharmaoverground.org/discussion/-/message_boards/message/25847515,low,"supermonkey :) - four logs. johnduality exp_years=3.0 at log #2 (opens 2022-08) -> start ~2019.6. Earliest log (""supermonkey's practice log"", separate handle spelling) outside my dated window. h_per_day BLANK.",monastic
dho_supermonkey,2,2022.6,60,0.9,1,1,https://www.dharmaoverground.org/discussion/-/message_boards/message/24209074,medium,"2022-09: sits ~45min-1h, ""streamentry"" and ""fruition"" keywords spike, and log #4 has attainment_claimed=1st path. Event placed here but the CLAIM SEQUENCE IS INCOHERENT (see notes): log #2 never claimed, log #3 claims Dark Night, log #4 claims 1st path - i.e. he claims a LOWER stage in log 3 than the AI reads in log 2. outcome_known=0.",unknown
dho_supermonkey,3,2022.75,500,0.6,0,1,https://www.dharmaoverground.org/discussion/-/message_boards/message/24954178,medium,"2022-10 to 2024-02, sits 15min-1h, no retreats in the extracted window despite retreat keywords in 2023-02/03/04. Off-diagonal: daily-only. Discusses 3rd and 4th path by 2023-08.",daily
blog_brandondayton,1,2019.5,5,8.0,0,1,https://brandondayton.com/blog/2021/1/8/a-year-of-dedicated-practice,medium,"Brandon Dayton, personal blog. Summer 2019 five-day retreat where he had his A&P peak experience. h_per_day 8.0 INFERRED from a generic Western insight-retreat schedule; NOT stated. Start of his serious practice.",unknown
blog_brandondayton,2,2019.6,490,0.88,0,1,https://brandondayton.com/blog/2021/1/8/a-year-of-dedicated-practice,high,"Explicit and quantified: ""about 430 hours of meditation in that 16 month time period"", ""mostly practiced an hour a day, but not always"", with a one-week and a two-week break. 430h/490d = 0.88 h/day. Pragmatic dharma community, retained a teacher May 2020. Off-diagonal: high-volume-daily-only, quantified-self style.",daily
blog_brandondayton,3,2020.35,240,1.0,0,1,https://brandondayton.com/blog/2021/1/8/a-year-of-dedicated-practice,high,"Teacher-guided era from May 2020. Explicitly reached A&P and the dukkha nanas and explicitly NOT Equanimity or stream entry as of 2021-01: ""2020 has not been about Equanimity or Stream Entry, however much I would like it to be the case."" Clean, well-quantified CENSORED observation at ~430-600 total hours.",unknown
r_rekdt,1,2015.75,366,1.0,0,1,https://reddit.com/r/streamentry/comments/5633y9/practice_9_day_solo_retreat_tried_for_stream_entry/,high,Mahasi-style noting; stated 'about an hour a day split into 15 min concentration and 45 min noting'; reached high equanimity within first 2 months then plateaued for ~10 months,mahasi
r_rekdt,2,2016.20,3,,0,1,https://reddit.com/r/streamentry/comments/5633y9/practice_9_day_solo_retreat_tried_for_stream_entry/,low,one of '4 total retreats this year' (3-day); date within 2016 guessed; hours not stated so LEFT BLANK; probably solo/home like the 9-day,unknown
r_rekdt,3,2016.40,5,,0,1,https://reddit.com/r/streamentry/comments/5633y9/practice_9_day_solo_retreat_tried_for_stream_entry/,low,second of 4 retreats (5-day); date guessed; hours not stated,unknown
r_rekdt,4,2016.55,5,,0,1,https://reddit.com/r/streamentry/comments/5633y9/practice_9_day_solo_retreat_tried_for_stream_entry/,low,third of 4 retreats (5-day); date guessed; hours not stated,unknown
r_rekdt,5,2016.72,9,14.0,0,1,https://reddit.com/r/streamentry/comments/5633y9/practice_9_day_solo_retreat_tried_for_stream_entry/,high,"SHORT-AND-BRUTAL off-diagonal; solo retreat; 'I spent about 14 hours a day meditating. 1 hour sits with 10-20 minute walks'; explicit target was stream entry; explicit failure ('I was hoping to achieve stream entry, but no luck'); cycled to equanimity by day 3 then energy/kundalini phenomena; only reddit post this account ever made so no later follow-up",home_ret
r_bru_no_self,1,2022.44,19,10.5,0,0,https://reddit.com/r/streamentry/comments/w49v4g/doi_suthep_retreat_report_any_input/,high,Doi Suthep Meditation Center Chiang Mai; Mahasi/Thai; '+10hs formal meditation per day for me' stated; reached equanimity after an 'existential angst ragequit'; no cessation,mahasi
r_bru_no_self,2,2022.49,1,24.0,0,0,https://reddit.com/r/streamentry/comments/w49v4g/doi_suthep_retreat_report_any_input/,high,SHORT-AND-BRUTAL / sleep-deprivation off-diagonal; monk prescribed a 72h 'strong determination' sit without sleeping explicitly to force a cessation; he managed 24h then ejected from the retreat; no cessation occurred,monastic
r_bru_no_self,3,2022.50,30,0.0,0,0,https://reddit.com/r/streamentry/comments/w49v4g/doi_suthep_retreat_report_any_input/,medium,post-retreat rebound; 'Stopped meditating formally completely' for roughly a month; included as a zero-intensity gap because it is load-bearing for the trajectory; later 2024 r/nonduality posts hint at some shift but no clean claim,unknown
r_persio809,1,2013.50,365,,0,1,https://reddit.com/r/streamentry/comments/181c7lb/practice_freedom_from_suffering_sure_but_what/,medium,started learning meditation at age 23; Zen/zazen; first year of practice; hours NOT STATED so blank,zen_daily
r_persio809,2,2014.50,14,8.0,0,1,https://reddit.com/r/streamentry/comments/181c7lb/practice_freedom_from_suffering_sure_but_what/,medium,2-week orthodox Zen sesshin-style retreat 'very intensive'; had a momentary 'instant of absolute connection' on the last day; h/day INFERRED from orthodox Zen sesshin schedule (~8h) not stated; not counted as attainment - it faded,sesshin
r_persio809,3,2014.60,1000,0.0,0,1,https://reddit.com/r/streamentry/comments/181c7lb/practice_freedom_from_suffering_sure_but_what/,medium,LAPSE: 'I felt that I didn't need to meditate any more'; roughly age 24 to 27; included as a zero-intensity gap,unknown
r_persio809,4,2017.60,400,0.3,0,1,https://reddit.com/r/streamentry/comments/181c7lb/practice_freedom_from_suffering_sure_but_what/,high,restarted at age 27; '15 or 20 mins a day'; never missed a day; discovered TMI / Shinzen / r/streamentry,unknown
r_persio809,5,2018.70,180,,0,1,https://reddit.com/r/streamentry/comments/181c7lb/practice_freedom_from_suffering_sure_but_what/,low,ramp-up between 20 min/day and the 3-5 h/day era; intensity NOT STATED for this transition so blank,unknown
r_persio809,6,2019.20,130,4.0,1,1,https://reddit.com/r/streamentry/comments/bvdhc0/practice_shikantaza_or_the_immediate_experience/,high,LONG-AND-GENTLE-turned-heavy; 'Four years ago I was meditating between 3 and 5 hours a day' (from a Nov-2023 post) so 3-5 -> midpoint 4.0; shikantaza/Zen + Shinzen; mind-shattering no-self experience documented in a post dated 2019-05-31; retrospectively identified as stream entry only months later after reading about it; he had deliberately avoided SE literature beforehand which makes the claim less script-contaminated than most,zen_daily
r_persio809,7,2019.50,1600,0.75,0,1,https://reddit.com/r/streamentry/comments/181c7lb/practice_freedom_from_suffering_sure_but_what/,high,post-attainment maintenance; 'at least 45 mins average a day. Sometimes less sometimes more. But everyday no exception'; ran to Nov 2023 writeup,unknown
r_asliuf,1,2013.50,1600,,0,1,https://reddit.com/r/streamentry/comments/11e8fqs/today_marks_12_weeks_since_i_came_home_from_the/,low,'my interest in practice began around 2013 and it was on and off for several years'; intensity NOT quantified so blank,unknown
r_asliuf,2,2018.00,1400,0.75,0,1,https://reddit.com/r/streamentry/comments/11e8fqs/today_marks_12_weeks_since_i_came_home_from_the/,high,HIGH-VOLUME-DAILY-ish / long-and-gentle; 'pretty steady daily practice since around 2018'; 'for much of my daily life practice years I've gotten at least 30-60 minutes a day'; individual teacher Tempel Smith from ~2019; IMS/Insight lineage; mahasi noting,mahasi
r_asliuf,3,2019.50,35,,0,1,https://reddit.com/r/streamentry/comments/11e8fqs/today_marks_12_weeks_since_i_came_home_from_the/,low,AGGREGATED: 'I've sat 5 retreats of length 5-10 days' before Nov 2021; individual dates and centres not stated; 35 days = 5 x 7 day midpoint; hours not stated so blank,unknown
r_asliuf,4,2021.85,21,8.0,0,1,https://reddit.com/r/streamentry/comments/11e8fqs/today_marks_12_weeks_since_i_came_home_from_the/,medium,3-week IMS retreat Nov 2021; h/day INFERRED from IMS schedule (~8) not stated; developed persistent tinnitus near the end of this retreat,insight
r_asliuf,5,2022.70,84,8.0,0,1,https://reddit.com/r/streamentry/comments/11e8fqs/today_marks_12_weeks_since_i_came_home_from_the/,medium,VERY-LONG-AND-INTENSE off-diagonal; IMS 12-week (3-month) retreat Sept-Dec 2022; mahasi noting plus brahmavihara; h/day INFERRED from IMS schedule not stated; explicitly NO peak experiences ('none stand out particularly'); unsure whether any state qualified as jhana; deliberately not aiming at attainment; ~55 people did the full 3 months alongside them,mahasi
r_asliuf,6,2022.95,500,1.0,0,1,https://reddit.com/r/streamentry/comments/11e8fqs/today_marks_12_weeks_since_i_came_home_from_the/,high,post-retreat; '1 to 2 sessions a day for usually 30-45 minutes each' / 'anywhere between 30-90 minutes a day'; still no attainment claim; excellent censored observation,unknown
r_dk_the_human,1,2017.70,365,,0,1,https://reddit.com/r/streamentry/comments/d2v3us/practice_my_3_month_silent_retreat_experience/,low,'about a year of various retreats' preceding the 3-month; documented elsewhere as including Pa Auk Monastery Myanmar and an Advaita Vedanta ashram in India; individual retreat lengths and hours NOT stated so blank; aggregated as one year-long era,monastic
r_dk_the_human,2,2018.70,91,8.0,0,1,https://reddit.com/r/streamentry/comments/d2v3us/practice_my_3_month_silent_retreat_experience/,medium,VERY-LONG-AND-INTENSE off-diagonal; IMS 3-month silent retreat Sept-Dec 2018; full schedule posted: 8 sits + 7 walking periods 5am-9pm; sitting alone ~6.5h and sitting+walking ~11h so 8.0 is the caller's IMS convention and is conservative; Mahasi noting for 4 weeks then switched to breath concentration; three phases Striving(4wk)/Joy(2wk)/Purification(6wk); major emotional openings but NO cessation and NO path claim; explicitly reframes away from attainment ('everything will be okay regardless of whether I have more insights or not'),mahasi
r_Gojeezy,1,2013.50,165,,0,1,https://reddit.com/r/streamentry/comments/9exl32/community_ama/,low,ramp-up; 'the previous 5 or 6 months to that I had slowly built up to that time starting at a mere 1 or 2 minutes at a time a few times a day'; average h/day over the ramp NOT stated so blank; START YEAR IS INFERRED ONLY from account activity (already an advanced poster by Jan 2015) - the AMA gives no dates,unknown
r_Gojeezy,2,2013.95,122,13.0,1,1,https://reddit.com/r/streamentry/comments/9exl32/community_ama/,low,VERY-LONG-AND-INTENSE / short-ish-and-brutal off-diagonal; 'I practiced mindfulness of breathing 10-16 hours a day for the previous 4 months' -> midpoint 13.0 (h/day is directly stated and high confidence; row marked low because the DATES are inferred not stated); satori = full cessation of all sense perception; done at his parents' house not a monastery,monastic
r_Gojeezy,3,2015.00,547,8.5,0,1,https://reddit.com/r/streamentry/comments/iyewta/practice_an_ama_for_those_who_have_done_1000/,low,'I practiced noting 8+ hours a day for about 18 months' (learned from Yuttadhammo); reached deep states / knowledge of equanimity but never a cessation from noting; also mentions a separate 'year-long retreat' spent entirely sitting - dates unknown so NOT entered as a row; start year INFERRED,unknown
r_filecabinet,1,2014.00,1700,,0,1,https://reddit.com/r/streamentry/comments/iyewta/practice_an_ama_for_those_who_have_done_1000/,low,'Meditating for about 5 years prior to this which helped in certain ways but was not in full pursuit of any specific goal'; hours NOT stated so blank,unknown
r_filecabinet,2,2019.30,550,2.0,0,1,https://reddit.com/r/streamentry/comments/iyewta/practice_an_ama_for_those_who_have_done_1000/,high,HIGH-VOLUME-DAILY off-diagonal; 'Daily practice is 2 hours (or sometimes more per day)'; full-time 40h/wk job with 6 weeks vacation; later restructured 2h into 45min sit / 30min walk / 45min sit; 1000+ hours formal in the year,daily
r_filecabinet,3,2019.35,10,,0,1,https://reddit.com/r/streamentry/comments/iyewta/practice_an_ama_for_those_who_have_done_1000/,low,retreat 1 of 6; ~10-day self/teacher-led retreat roughly every 2-3 months; Tucker Peck + TMI; 'a lot of emotional processing/purifications'; hours not stated so blank; individual dates spaced evenly by me,unknown
r_filecabinet,4,2019.55,10,,0,1,https://reddit.com/r/streamentry/comments/iyewta/practice_an_ama_for_those_who_have_done_1000/,low,retreat 2 of 6; Tucker Peck / TMI; emotional purification; hours not stated,unknown
r_filecabinet,5,2019.80,10,,0,1,https://reddit.com/r/streamentry/comments/iyewta/practice_an_ama_for_those_who_have_done_1000/,low,retreat 3 of 6; Michael Taft; light at back of eyelids / Unified Mindfulness; 'lots of insights'; hours not stated,unknown
r_filecabinet,6,2020.05,10,,0,1,https://reddit.com/r/streamentry/comments/iyewta/practice_an_ama_for_those_who_have_done_1000/,low,retreat 4 of 6; 'do nothing' (relax the fist) with Jeremy Graves; no significant insights; hours not stated,unknown
r_filecabinet,7,2020.35,10,,0,1,https://reddit.com/r/streamentry/comments/iyewta/practice_an_ama_for_those_who_have_done_1000/,low,retreat 5 of 6; 'do nothing' with Jeremy Graves; no significant insights; hours not stated,unknown
r_filecabinet,8,2020.65,10,,0,1,https://reddit.com/r/streamentry/comments/iyewta/practice_an_ama_for_those_who_have_done_1000/,low,retreat 6 of 6; Mahasi noting with Jeremy Graves; 'lots of insights very penetrative'; still no path claim; closes with 'Still see that there is more work to do',mahasi
r_adivader,1,2016.90,250,,0,1,https://reddit.com/r/streamentry/comments/iyewta/practice_an_ama_for_those_who_have_done_1000/,low,'Started meditating to seek a way out of depression and anxiety in late 2016'; depression/anxiety fell away in ~6 months; hours not stated for this earliest phase; NOTE inconsistency: an Aug-2019 post says 'I have been practicing for two years' which implies a mid-2017 start,unknown
r_adivader,2,2017.60,700,1.5,0,1,https://reddit.com/r/TheMindIlluminated/comments/cr9dn1/is_this_stream_entry_requesting_your_observations/,high,HIGH-VOLUME-DAILY-ONLY off-diagonal (never went on a single retreat); 'minimum half an hour everyday without fail averaging 1.5 hours per day'; breath concentration + jhanas (Leigh Brasington) + multi-sense-door observation + metta; started TMI ~Apr 2019,daily
r_adivader,3,2019.40,130,3.5,1,1,https://reddit.com/r/TheMindIlluminated/comments/cr9dn1/is_this_stream_entry_requesting_your_observations/,high,'lately ramped up to 3-4 hours everyday' -> 3.5; TMI stage 7; cessation event during a Culadasa guided meditation described 2019-08-16; confirmed a year later as stream entry; MIDL (Stephen Procter) for vipassana; suffers insomnia so has unusual amounts of waking time - 'turning lemons into lemonade',unknown
r_adivader,4,2019.65,700,3.0,0,1,https://reddit.com/r/streamentry/comments/iyewta/practice_an_ama_for_those_who_have_done_1000/,high,"post-SE; 'meditate anywhere between two to three hours everyday, a lot more on the weekends maybe 5 to 6 hours' -> ~3.0 weekly mean; 'never been on a retreat'; Sakadagami claimed ~4 months after SE; full arhat claim by Aug 2021 (see notes file - claim reliability)",unknown
r_unmeasured,1,2016.30,10,10.5,0,1,https://reddit.com/r/streamentry/comments/ka1a93/practice_nibbana_without_a_cessation_or_a/,medium,first 10-day Goenka vipassana retreat 2016; h/day INFERRED from standard Goenka schedule (10.5) not stated; month within 2016 guessed,goenka
r_unmeasured,2,2016.40,900,,0,1,https://reddit.com/r/streamentry/comments/ka1a93/practice_nibbana_without_a_cessation_or_a/,low,'practiced on and off for the next couple of years'; contemplative practices since age 15 predate this but are unquantified; hours not stated,unknown
r_unmeasured,3,2018.95,240,,0,1,https://reddit.com/r/streamentry/comments/ka1a93/practice_nibbana_without_a_cessation_or_a/,medium,'a very determined daily practice for the past 7-8 months' leading up to Aug 2019; Goenka body scanning + Mahasi noting + shikantaza + metta; hours NOT stated so blank,mahasi
r_unmeasured,4,2019.60,10,10.5,0,1,https://reddit.com/r/streamentry/comments/ka1a93/practice_nibbana_without_a_cessation_or_a/,high,"second 10-day retreat Aug 2019; strong A&P by day 2 (visions, energy body, mythological creatures); stabilised in high equanimity by day 9 but could not dissolve the observer; h/day inferred from Goenka schedule",goenka
r_unmeasured,5,2019.65,395,,0,1,https://reddit.com/r/streamentry/comments/ka1a93/practice_nibbana_without_a_cessation_or_a/,low,"'I kept my daily formal practice and attended a couple of shorter retreats too'; 'All I wanted was for stream-entry to occur, which didn't for a long time'; hours not stated",daily
r_unmeasured,6,2020.78,10,0.0,1,1,https://reddit.com/r/streamentry/comments/ka1a93/practice_nibbana_without_a_cessation_or_a/,high,STRIKING: the shift happened during a deliberate 7-10 day COMPLETE STOP of formal practice just before a booked 10-day retreat; noticed while in the kitchen; NO cessation event; 'the change was very subtle'; h_per_day genuinely 0 for this window (the intensity is in the preceding periods),unknown
r_unmeasured,7,2020.85,10,10.5,0,1,https://reddit.com/r/streamentry/comments/ka1a93/practice_nibbana_without_a_cessation_or_a/,high,third 10-day retreat Nov/Dec 2020 undertaken to verify; clearly cycling stages of insight including in sleep; post-attainment,unknown
r_mayubhappy84,1,2008.50,4380,,0,1,https://reddit.com/r/streamentry/comments/xuol9t/my_practice_of_midl_leading_to_stream_entry/,low,LONG-AND-NULL off-diagonal; '12 years of practicing with this tradition' (Tibetan; refuge/bodhicitta/metta/conceptual emptiness/guru devotion) with explicitly NO insight into emptiness; start year back-computed from '12 years' ending at the 2020 pandemic pivot; hours not stated,unknown
r_mayubhappy84,2,2020.40,480,,0,1,https://reddit.com/r/streamentry/comments/xuol9t/my_practice_of_midl_leading_to_stream_entry/,low,"pandemic pivot to pragmatic dharma; experimented with TMI, open awareness, noting, metta; hours not stated",unknown
r_mayubhappy84,3,2021.60,330,,0,1,https://reddit.com/r/streamentry/comments/xuol9t/my_practice_of_midl_leading_to_stream_entry/,medium,MIDL with Stephen Procter from Aug 2021; weekly live zoom class plus daily practice plus heavy off-cushion 'softening' during a stressful teaching job; hours NOT stated so blank; he characterises it as 11 months to SE,daily
r_mayubhappy84,4,2022.50,8,,1,1,https://reddit.com/r/streamentry/comments/xuol9t/my_practice_of_midl_leading_to_stream_entry/,medium,"7-day shamata retreat July 2022 (MIDL); the letting-go of self happened on the CAR RIDE HOME immediately after, when he switched to a vipassana investigation of dukkha; days=8 covers retreat plus that day; retreat hours/day not stated so blank",unknown
r_TDCO,1,2015.20,517,,0,1,https://reddit.com/r/streamentry/comments/9dnt3i/practice_ama_i_am_a_stream_enterer/,low,'I had been meditating for about 17 months doing Shamatha-Vipassana meditation' consistently but 'without direction' and 'made little progress'; hours not stated; START YEAR IS BACK-INFERRED from the practice-log post (Jul 2017) and AMA (Sep 2018) so could be off by a year,unknown
r_TDCO,2,2016.65,45,1.0,1,1,https://reddit.com/r/streamentry/comments/9dnt3i/practice_ama_i_am_a_stream_enterer/,low,FAST / LOW-FORMAL-HOURS off-diagonal; switched to strict MCTB rapid noting; '3 20 minute meditation sessions a day' = 1.0h formal 'combined with an extremely intensive round-the-clock mindfulness practice'; '~a month and a half from starting this to gaining stream entry'; kept a meditation log and tracked stages of insight; SE = blip in awareness + bliss wave from high equanimity; dates low confidence,unknown
r_armillanymphs,1,2016.53,160,1.0,0,1,https://reddit.com/r/streamentry/comments/78ikyt/community_uarmillanymphs_ama/,medium,'When I took on TMI in July 2016 my mind was deeply ruminative'; diagnosed with depression Oct 2016 and medicated; practice-log era on r/streamentry; sits initially under an hour; h/day estimated from log descriptions not stated outright,unknown
r_armillanymphs,2,2017.01,150,1.5,1,1,https://reddit.com/r/streamentry/comments/5m9lxv/practice_follow_up_to_recent_practice_log/,medium,"A&P onset documented 2017-01-05 (longest-ever 2h sit the day before; typical longest previously 1.5h; skull energy, vibrations, racing heart, manic energy); 'practiced as though my life depended on it'; by the Oct-2017 AMA he is confident the first three fetters are cut and places himself 'somewhere after MCTB second path'; exact SE date not stated so event assigned to this A&P-to-mid-2017 window; h/day is my estimate from log content",unknown
r_armillanymphs,3,2017.42,10,,0,1,https://reddit.com/r/streamentry/comments/6eopri/reflections_on_the_spuds_retreat_w_tucker_peck/,low,"SPUDS retreat with Tucker Peck, ~June 2017; length and hours not stated so days is a guess and hours blank",unknown
r_Fortinbrah,1,2015.50,1090,,0,1,https://reddit.com/r/TheMindIlluminated/comments/cadqg8/one_year_with_tmi/,low,'I had been practicing not very effectively for about 3 years before I started reading TMI and was around stage 2-4 when I began'; hours not stated; also mentions a seizure/presumed stroke and heavy drug use in this era,unknown
r_Fortinbrah,2,2018.49,180,0.8,0,1,https://reddit.com/r/TheMindIlluminated/comments/9uov7f/one_month_of_practice_stage_56/,low,started TMI 26 June 2018; monthly practice-journal series begins Nov 2018 at stage 5/6; 'At the beginning of January I couldn't really sit for more than 50 minutes' so ~0.8h/day is my estimate NOT a stated figure,unknown
r_Fortinbrah,3,2019.00,550,1.5,0,1,https://reddit.com/r/TheMindIlluminated/comments/awxzzg/meditation_journal_of_a_midlevel_practitioner/,high,"LONG-AND-GENTLE off-diagonal; 'Being able to sit for 1.5 hours comfortably now'; 'if I meditate diligently for more than 1.5 hours at a time my mind has trouble keeping up the rest of the day'; wakes 5:45am; stage 7 by May 2019, stage 8 by Jun 2020; purifications throughout; no jhana yet",unknown
r_Fortinbrah,4,2020.50,1800,,0,1,https://reddit.com/r/streamentry/comments/1kif6ii/has_anyone_here_been_trying_but_not_hit_se/,low,continued practice through 2025 with a shift toward sutta study and Vajrayana; still active on r/streamentry in May 2025 with NO attainment claim after ~10 years total / ~7 years of effective practice; hours not stated for this era; strong censored observation,unknown
r_helper_here,1,2018.45,700,0.6,0,1,https://reddit.com/r/streamentry/comments/gn8x88/practice_losing_motivation_after_2_years_of/,high,"LONG-AND-GENTLE modal case; 'practising diligently since I picked up the book in June 2018'; '30-45 minute sessions everyday' -> 0.6h; full TMI protocol (six point preparation, four step transition); average stage 5 after 2 years; explicitly no carryover off the cushion, 'started wondering what the point is at all'; account has only these two crossposts so no further follow-up",unknown
r_bankolei,1,2017.40,500,0.25,0,1,https://reddit.com/r/streamentry/comments/huru3e/practice_how_3_years_of_meditation_changed_my/,low,'3 years ago I started meditating by using some apps' (Headspace then Calm then Waking Up); 0.25h/day is my estimate from typical app session length and is NOT stated,unknown
r_bankolei,2,2018.80,700,,0,1,https://reddit.com/r/streamentry/comments/huru3e/practice_how_3_years_of_meditation_changed_my/,low,switched to TMI as guide; had a no-control-of-thoughts insight and a 'mindful shower' free-will insight; hours not stated,unknown
r_bankolei,3,2019.50,10,10.5,0,1,https://reddit.com/r/streamentry/comments/huru3e/practice_how_3_years_of_meditation_changed_my/,medium,10-day Goenka vipassana retreat; date within the 3 years not stated so guessed; h/day inferred from Goenka schedule; had a strong pain/no-self insight during a 1h no-moving sit; still asking 'where to go next' after 3+ years and no path claim,goenka
r_Stillindarkness,1,2020.50,190,,0,0,https://reddit.com/r/TheMindIlluminated/comments/kucazt/exciting_sit_probably_run_of_the_mill_for_some_of/,low,start of practice not stated; first posts Jan 2021 already describe notable sits so start placed ~mid-2020; hours not stated,unknown
r_Stillindarkness,2,2021.02,160,1.5,0,0,https://reddit.com/r/TheMindIlluminated/comments/ng3dxq/is_it_possible_to_experience_a_cessation_with_no/,medium,"TMI; posts on nimittas, jhana/dullness, habitual tensions; May-2021 post asks 'Is it possible to experience a cessation with no discernible insight?' - ambiguous, see notes file; h/day from the later stated routine applied backwards so medium",unknown
r_Stillindarkness,3,2021.51,290,1.9,0,0,https://reddit.com/r/streamentry/comments/og4h7k/practice_is_23_hours_a_day_unguided_asking_for/,high,"HIGH-VOLUME-DAILY-ONLY off-diagonal, unguided (no teacher); 'twice a day, average about forty five minute sits when I'm working. Days off I ramp it up and average three or so hours, sometimes as much as six' -> weekly mean ~1.9; TMI stage 7, cycling dukkha nanas, unstable first jhana; severe emotional difficulty; last activity Apr 2022 (r/midlmeditation, physical restlessness) with no attainment claim",daily
r_MajorProblem2000,1,2021.10,330,,0,0,https://reddit.com/r/streamentry/comments/1iyjflj/heading_for_a_5_month_retreat_seeking_for_advice/,low,'I have been meditating for the past four years' as of Feb 2025; Mahasi tradition; hours not stated,mahasi
r_MajorProblem2000,2,2022.00,730,4.0,0,0,https://reddit.com/r/streamentry/comments/1iyjflj/heading_for_a_5_month_retreat_seeking_for_advice/,low,"'I have also lived in a monastic environment (as a layperson) for about two years'; h/day INFERRED from the caller's monastic-daily-life convention (3-5 -> 4.0), NOT stated; the two years are not dated so placement is a guess",monastic
r_MajorProblem2000,3,2022.90,30,10.0,0,0,https://reddit.com/r/streamentry/comments/109u6mk/losing_motivation_to_practice_and_being_bombarded/,medium,"longest previous retreat: one month, Mahasi intensive; overlaps period 2; dated from the Jan-2023 'post-retreat' motivation-loss post; h/day inferred from Mahasi intensive convention",mahasi
r_MajorProblem2000,4,2024.80,150,,0,0,https://reddit.com/r/streamentry/comments/1g90t85/i_need_your_help_advice_to_get_back_into/,low,had a practice LAPSE - Oct 2024 post asks for help getting back into meditation; hours not stated,unknown
r_MajorProblem2000,5,2025.25,150,10.0,0,0,https://reddit.com/r/streamentry/comments/1iyjflj/heading_for_a_5_month_retreat_seeking_for_advice/,low,VERY-LONG-AND-INTENSE off-diagonal but PLANNED ONLY; 5-month Mahasi intensive in Nepal announced Feb 2025; NO follow-up post exists so we do not know if it happened or what came of it; h/day inferred from Mahasi intensive convention; treat as unverified,mahasi
r_fullerboat,1,2013.00,3600,,0,1,https://reddit.com/r/streamentry/comments/115bbe4/60_day_home_retreat_advice/,low,"'I have been meditating for many years and done quite a few retreats in most styles from Mahasi, Goenka and Mindfulness of breathing'; 'I've yet to attain stream entry but for a few years I have felt like i'm ready'; never got past TMI stage 3-4; start year and duration are rough guesses from 'many years'; hours not stated",mahasi
r_fullerboat,2,2023.15,60,,0,1,https://reddit.com/r/streamentry/comments/115bbe4/60_day_home_retreat_advice/,low,LONG SELF-ORGANISED HOME RETREAT off-diagonal but UNVERIFIED; planned 60-day semi-intensive home retreat alternating walking/standing/sitting with an explicit SE push; only post this account ever made so we do not know whether it happened or what resulted; hours not stated,home_ret
r_yermito96,1,2018.00,1400,,0,1,https://reddit.com/r/streamentry/comments/xm9pya/looking_for_experienced_meditators_opinions_on/,low,'a serious buddhist seeker' who 'participated in different types of meditation retreats in the past years'; age 25 in 2022; nothing quantified; start year a guess,unknown
r_yermito96,2,2021.85,60,10.5,0,1,https://reddit.com/r/streamentry/comments/xm9pya/looking_for_experienced_meditators_opinions_on/,medium,"ADVERSE-OUTCOME case; a two-month stay at a vipassana centre including a 10-day course, ~Dec 2021; h/day inferred from Goenka-style schedule not stated; intense head sensations, whole-body dissolution and vibration, then multi-day sleepless 'deep meditation' and a fear/energy-wave state; total insomnia for months, hospitalised for a month, unable to work a year later; no attainment, clear harm",goenka
r_HappyDespiteThis,1,2019.70,365,2.7,0,1,https://reddit.com/r/streamentry/comments/iyewta/practice_an_ama_for_those_who_have_done_1000/,medium,"HIGH-VOLUME-DAILY-ONLY off-diagonal with adverse outcome; responding to an AMA for people with 1000+ formal hours in the past year -> 1000/365 = 2.7h/day (derived not stated); TMI, 'did pretty crazy stuff and broke all possible written and unwritten rules within TMI'; outcomes: burnout with 9 months unable to work or study, eye problems, increased obsessivity, quit TMI; no attainment; window dated from the Sept-2020 comment referring to 'the past year'",daily
r_Rumblebuffen,1,2020.00,365,2.7,0,1,https://reddit.com/r/streamentry/comments/iyewta/practice_an_ama_for_those_who_have_done_1000/,medium,"HIGH-VOLUME-DAILY off-diagonal; 'I think I might close the year at about a 1000 hours' -> 2.7h/day derived; metta as the game changer, plus vipassana, buddhanussati, maranasati, brahmaviharas, body parts, sutta jhanas, ashtanga yoga, pranayama; teachers Ajahn Achalo / Gil Fronsdal / Leigh Brasington plus an unnamed main teacher; preceded by 'a long spell with dry vipassana' of unstated length; progress described only as 'deepening', no path claim",daily
r_Rumblebuffen,2,2020.30,14,,0,1,https://reddit.com/r/streamentry/comments/iyewta/practice_an_ama_for_those_who_have_done_1000/,low,AGGREGATED: 'due to covid I did two self retreats this year when I downloaded the materials and had my teacher join via skype'; lengths and hours NOT stated so days is a guess and hours blank,unknown
r_swiskowski,1,2020.10,42,,0,0,https://reddit.com/r/streamentry/comments/iyewta/practice_an_ama_for_those_who_have_done_1000/,low,"UNUSUAL-CONTENT off-diagonal: a 6-week retreat Feb-Mar 2020 doing Bhante Vimalaramsi forgiveness meditation (TWIM) essentially exclusively; massive emotional release, deep insight about his father, lasting emotional evenness; NO path or jhana claim despite TWIM's usual framing; hours/day NOT stated so blank; prior and subsequent practice history unknown hence outcome_known=0",unknown
r_alfiemsmedley,1,2019.00,1800,,0,1,https://reddit.com/r/streamentry/comments/1b9tg78/pragmatic_dharmatmi_retreat_report/,low,"discovered practice through TMI, MCTB and r/streamentry; 'I have tried to attend at least 1 residential retreat every summer'; also multiple strict Zen and Vipassana retreats with 4:30am starts; daily hours not stated; Jan 2021 was hunting for 1-month+ retreats and apparently never did one",zen_daily
r_alfiemsmedley,2,2022.60,10,8.0,0,1,https://reddit.com/r/streamentry/comments/1b9tg78/pragmatic_dharmatmi_retreat_report/,high,"10-day residential TMI/pragmatic-dharma retreat in SW England with Tucker Peck and Upasaka Upali; 'Meditating 8 hours a day' STATED; flexible bell, 7am start, regular teacher interviews; explicitly rejects sleep-deprivation-style intensity",unknown
r_alfiemsmedley,3,2023.60,10,8.0,0,1,https://reddit.com/r/streamentry/comments/1b9tg78/pragmatic_dharmatmi_retreat_report/,high,second year of the same 10-day TMI retreat; reports 'far deeper and long lasting insight' than from Zen/Vipassana retreats but makes NO path attainment claim in a post whose whole subject is retreat efficacy,zen_daily
r_Meelthas,1,2023.75,6,,1,1,https://reddit.com/r/streamentry/comments/195pvb4/i_got_stream_entry_in_6_days_non_retreat_direct/,low,"EXTREME-SHORT off-diagonal and the most suspect row in this file; claims stream entry after 6 days of direct/self inquiry in early Oct 2023, non-retreat, while on holiday in Spain; explicitly 'rather bad at concentration practices and sitting still' so formal on-cushion hours are probably near zero - NOT STATED so blank; criteria offered are perceptual (sight became 'wide lens and 60fps') plus ~80-90% reduction in self-referential thought, NOT a cessation and NOT the fetter model; prior practice history essentially absent; see notes file",unknown
r_Arahant0,1,2015.00,680,,1,1,https://reddit.com/r/streamentry/comments/bm7540/community_been_25_years_since_first_path_ama/,low,"first path ~Nov 2016, BACK-COMPUTED from 'Been 2.5 years since First Path' in May 2019; had already been working with Ron Crouch by Oct 2016; start of practice and hours entirely unstated - this row is a date anchor only, do not trust the intensity dimension",unknown
r_universy,1,2017.35,730,,0,0,https://reddit.com/r/streamentry/comments/bloc5q/community_i_am_uuniversy_ama/,low,"AMBIGUOUS-OUTCOME case; 'I've been practicing the dhamma for 2 years'; taught by Dhammarato with 150-200 hours of one-to-one dialogue; practice is the eightfold path applied continuously off-cushion - 'When I sit, it is simply for the purpose of eliminating distractions' so formal cushion hours are deliberately minimal and unstated; he declines to claim attainment but u/Arahant0 assesses him as a stream enterer; outcome_known=0 because the claim is second-hand and he rejects the frame",unknown
r_Monk_Life,1,2014.00,1460,,0,0,https://reddit.com/r/streamentry/comments/1hotimd/buddhist_monk_for_7_years_ama/,low,'practicing meditation seriously since 2014'; lay period before ordination; hours not stated,monastic
r_Monk_Life,2,2018.00,2550,4.0,0,0,https://reddit.com/r/streamentry/comments/1hotimd/buddhist_monk_for_7_years_ama/,low,"LONG-MONASTIC off-diagonal; 'since 2018 I've been practicing and training full time as a Buddhist monk in Asia and around the world specifically studying under very high level meditation masters' (Thich Nhat Hanh and Ajahn Brahm lineages; also Bhavana Society, Burma); h/day INFERRED from the caller's monastic-daily-life convention (3-5 -> 4.0), NOT stated; outcome_known=0 because he explicitly REFUSES the attainment frame ('No one gets stream entry... if you think you have stream entry etc you can be sure that you don't have it') so we cannot code either yes or no",monastic
r_Noah_il_matto,1,2013.40,1250,,0,0,https://reddit.com/r/streamentry/comments/7c1dka/practice_hi_im_noah_i_dont_think_im_a_stream/,low,PRACTICE-LOG-SERIES person (13+ monthly log posts on r/streamentry Oct 2016 - Nov 2017 plus a wiki log and a public blog); '4.5 years or so' of supramundane practice as of Nov 2017 -> start ~mid-2013; came via Dharma Overground / actualism / Dhammarato; hours never stated in the reddit posts,unknown
r_Noah_il_matto,2,2016.80,400,,0,0,https://reddit.com/r/streamentry/comments/7c1dka/practice_hi_im_noah_i_dont_think_im_a_stream/,low,"the monthly-log era; documents progressive perceptual shifts (persistent 'big space' nonduality from late 2016, luminosity of objects Mar 2017, the two fusing into volumetric knowing Nov 2017), long time in equanimity, cycling; DELIBERATELY DENIES stream entry by his own stricter three-criteria reading of MN 48 while acknowledging one teacher formally granted it in their system and several others indirectly - the cleanest example in this dataset of the definitional problem; hours not stated",unknown
r_electrons_streaming,1,2014.30,1095,10.0,1,1,https://reddit.com/r/streamentry/comments/bjktce/practice_spent_last_5_years_meditating_10_hours_a/,low,"HIGH-VOLUME-DAILY-ONLY off-diagonal, extreme; 'Spent last 5 years meditating 10 hours + a day and stayed sane and close with family' - done in ordinary lay life, not on retreat; timeline given only as an ordered list: nirvana on LSD in college ~20 years earlier, then retreats where he 'saw through the idea of a separate entity that was me', then '3 years trying to understand how my mind and nervous system work', then '2 more years trying to fully integrate'; the anatta shift is placed in this first window but its exact timing is NOT stated; retreat lengths never given",daily
r_electrons_streaming,2,2017.30,730,10.0,0,1,https://reddit.com/r/streamentry/comments/bjktce/practice_spent_last_5_years_meditating_10_hours_a/,low,the '2 more years trying to fully integrate the insights'; ended with 'Reached the endish' i.e. a claim of completion; practice described as (1) non-aversion / just being and (2) body consciousness plus extreme tension release; outcome_known=0 because the framing is a materialist reinterpretation rather than the sotapanna/cessation model - see notes file,unknown
ac_acamj_case,1,,,1.5,0,1,https://pmc.ncbi.nlm.nih.gov/articles/PMC11949543/,low,"Sacchet-lab ACAM-J 7T case participant: 52 y.o. white American male teacher, >25 yr experience, 'one to two hours of daily practice since the start' (h_per_day=1.5 is midpoint, my inference), start_year and days not reported; possibly the same individual as ac_ingram but traditions listed differ (Thai forest/Mahasi/Tibetan)",mahasi
ac_acamj_case,2,,365,14,0,1,https://meditation.mgh.harvard.edu/files/Kumar_26_arXiv.pdf,medium,"'approximately a cumulative one year of retreat at 14 hours per day', total estimated 'at least 20,000 hours'; start_year not reported",daily
ac_acamj_case,3,,5,1.1,1,1,https://pmc.ncbi.nlm.nih.gov/articles/PMC11949543/,high,"7T fMRI protocol: 5 consecutive days, 45-90 min/day meditation in scanner (h_per_day=1.1 is midpoint of 45-90 min, my inference), 27 ACAM-J runs mean 8.53 min; event=1 = jhana J1-J8 attainment demonstrated in this window, not first attainment",unknown
ac_jhourney_cohort_2324,1,2023,,7,0,1,https://gwern.net/doc/psychiatry/meditation/2024-asparouhova.pdf,low,"COHORT ROW not individual: n=61 completers of Jhourney retreats Aug 2023 - Jul 2024; 32/61 (52%) accessed a jhana on retreat; retreat length in days NOT reported by any Jhourney source; h_per_day=7 is midpoint of the prescribed 6-8 h/day in their FAQ (https://jhourney.io/faqs), NOT measured; days left blank deliberately",insight
ac_jhourney_novices,1,,,,0,1,https://gwern.net/doc/psychiatry/meditation/2024-asparouhova.pdf,medium,"COHORT ROW: n=26 jhana novices who first accessed on retreat; median lifetime meditation experience 300 h, range 10-5000 h; depth J1-only 19%, J1-J4 54%, J5+ 27%; days and h_per_day not reported",unknown
ac_mago_cohort,1,,10,,1,1,https://arxiv.org/abs/2511.20990,medium,"COHORT ROW: 10 experienced lay jhana practitioners, all had previously attained jhana on retreat; mean age 61.3 (SD 12.1, range 45-76), 7F/3M; mean 8820 lifetime meditation hours (SD 9090, range 2260-32173); recorded on 4 consecutive days of a 10-day residential retreat led by Shaila Catherine; retreat h_per_day not reported; event=1 = jhana attained (prior to and during retreat)",unknown
ac_kumar_cohort,1,,,,1,1,https://meditation.mgh.harvard.edu/files/Kumar_26_arXiv.pdf,medium,"COHORT ROW: 20 ACAM-J adepts (19M/1F), age 26-67 (mean 43.95 +/- 15.10), 17.40 +/- 11.59 years experience, 20500.40 +/- 17288.98 estimated lifetime hours; all 'demonstrated advanced expertise in ACAM-J' so event=1; per-period breakdown not reported",unknown
ac_bl2007_high,1,,,,1,1,https://www.pnas.org/doi/10.1073/pnas.0606552104,medium,"COHORT ROW: Brefczynski-Lewis 2007 most-hours expert subgroup, n=4, mean 44000 lifetime h (range 37000-52000), mean age 52.3; Tibetan Buddhist; attainment endpoint not assessed so event=1 denotes 'expert' status only, treat as exposure calibration not an event",unknown
ac_bl2007_low,1,,,,1,1,https://www.pnas.org/doi/10.1073/pnas.0606552104,medium,"COHORT ROW: Brefczynski-Lewis 2007 least-hours expert subgroup, n=4, mean 19000 lifetime h (range 10000-24000), mean age 48.8; same caveat on event flag as ac_bl2007_high",unknown
