δ_median,p_negative,rhat,n_orexin,ci_025,n_placebo,ci_75,p_positive,ci_975,metric,δ_mean,ess,ci_25,δ_std,n
0.20962900898358616,0.2475,1.0006350507305968,18,-0.40415823287004915,18,0.4249708971071354,0.7525,0.826243457812106,HRV_daily_rmssd,0.21226633599891176,4701.210103137649,0.0023823872676651155,0.3121798704571388,36
0.5672999165040333,0.03575,1.000783718562535,18,-0.05077939899992976,18,0.7817063776082527,0.96425,1.1794091326935572,HRV_deep_rmssd,0.5654960347291655,4852.796015351713,0.34669805906634155,0.31831317512052737,36
-0.25256401308146015,0.792125,1.0008568565159695,18,-0.8761074943971463,18,-0.04222393963268406,0.207875,0.35102100448643164,SpO2_avg,-0.2544406635101392,4655.333044830685,-0.46889164451689824,0.3166436449802909,36
-0.03294368496060939,0.54075,1.0007362854495547,18,-0.6435780698196537,18,0.18152630443254397,0.45925,0.5866019652248177,SpO2_min,-0.029223335733437474,4659.068870791408,-0.2449744389156003,0.31164479999278316,36
0.6657292797220387,0.024875,1.0006061460789106,17,0.0009309328682374627,15,0.8947688373340641,0.975125,1.3230078850496971,Breathing_rate,0.6657610537052387,4874.599031629371,0.43559222690467536,0.33590534033971375,32
-0.02906146293158195,0.530875,1.00151519422108,17,-0.6580586294181813,17,0.19581597482209367,0.469125,0.5887898094118855,Skin_temp_rel,-0.0332705258097165,4032.411763055719,-0.2545917845301777,0.3226743337507609,34
0.14563064504984446,0.318875,1.0005427234280315,18,-0.46938874072280107,18,0.36001114361058983,0.681125,0.7761216421613923,Steps_kilosteps,0.14736481048189795,5160.856140750579,-0.0654103744994809,0.3164173530370944,36
