placebo_mean,mean_diff,effect_label,placebo_std,n_pairs,std_diff,orexin_std,p_value,statistic,metric,orexin_mean,test,effect_size
31.664166666666663,1.1127222222222217,Cohen's d_z,15.057311236620919,18,11.37611336919991,12.977038776188227,0.6833452578326709,0.41498185014956535,HRV_daily_rmssd,32.776888888888884,Paired t,0.0978121601033658
27.18872222222222,4.646111111111111,Cohen's d_z,12.953222464407006,18,13.63255539848676,12.23025400270118,0.16638011270339423,1.445934343246097,HRV_deep_rmssd,31.834833333333336,Paired t,0.34080999308661075
96.0,-0.2833333333333322,Cohen's d_z,1.0087849418104582,18,0.9044010042401482,0.9715058051353923,0.20136324554935556,-1.3291466090609667,SpO2_avg,95.71666666666667,Paired t,-0.3132828601527049
93.73333333333332,-0.08888888888888778,Cohen's d_z,1.5874507866387537,18,1.567646752259347,1.441495229521078,0.8127681301506021,-0.24056670681025363,SpO2_min,93.64444444444445,Paired t,-0.05670211657108212
15.773333333333335,0.3466666666666666,Cohen's d_z,1.8790068298616336,15,0.6947421584060278,1.9446630262629783,0.07377916869434822,1.9325647802426331,Breathing_rate,16.12,Paired t,0.4989860806231143
0.07499999999999998,-0.06250000000000003,Cohen's d_z,0.47258156262526085,16,0.934433874956739,0.667208113459861,0.7926958485989275,-0.2675416706308664,Skin_temp_rel,0.012500000000000011,Paired t,-0.0668854176577166
6281.961538461538,445.0,Cohen's d_z,5995.951350574949,26,4135.441645096688,6395.025607334308,0.588087392158483,0.5486871483821258,Steps,6726.961538461538,Paired t,0.10760640294069383
